client_id,clientname,password,email,created_on
0,Samantha Vargas,X_7zWk,powersjackson@example.org,09-09-2021 14:07
1,Paul Stewart,W%5Gpg,qturner@example.com,26-05-2020 22:55
2,Joshua Smith,D^O8tThi,atkinsonmariah@example.org,27-07-2021 14:45
3,Sheila Porter,&G8VRf,justinharris@example.net,27-10-2022 03:24
4,Bradley Martin,*1jUzA,james10@example.org,02-12-2022 05:11
5,Joshua Tyler,&5Bbi1,michaelgreene@example.com,24-04-2021 00:55
6,Sara Smith,Do82(Lma&Hu6K,dsmith@example.com,11-08-2021 01:55
7,Gregory Guerrero,Ri7d@MGo$$k7,kristyparker@example.org,31-05-2020 21:50
8,Erica Kelly,r_1F)DjzGBJd,jacobjones@example.org,03-08-2021 03:02
9,Alexandra Kaufman,!%6DkPfou6bw,inelson@example.org,03-03-2020 07:03
10,Haley Johnson,sI4X1_xb7IR_,kathrynjones@example.com,26-11-2021 16:20
11,Erik Mason,47mlbK#w%9A!o@,gonzalezchristopher@example.org,23-12-2022 19:02
12,Timothy Fowler,Pn5Vy5q+(_3*lL,voliver@example.net,13-05-2022 23:55
13,Andrea Wheeler,ss7KHvxoW+,traviswebb@example.net,04-11-2021 04:17
14,Scott Craig,!bac4RTua3IS,omitchell@example.org,02-09-2020 01:56
15,Patricia Cervantes,A*LLhIwVXa55U,juanwhite@example.net,03-07-2022 09:00
16,Kristin  Sanders,!4lZ5%m4,bellmichael@example.org,16-03-2021 08:49
17,Donna Miller MD,!_27UUIc,hensleyjennifer@example.org,09-02-2022 15:10
18,Johnny Parker,ZytZ!g9Oa_5,marshallelizabeth@example.com,30-06-2020 01:17
19,Debra Wells,q%Ibw3Iu7)8*,jordan17@example.org,28-03-2020 12:35
20,Allen Cun\ningham,E0Sc$uIm_4Q7zB,trodriguez@example.org,13-05-2020 19:29
21,Danielle Bowen,%5@GMfr,santosrachel@example.org,24-02-2021 05:11
22,George Andrews,X04vpTZY5+1JSf,jlopez@example.com,11-03-2023 14:02
23,Christine Cameron,)L7PUr,jtucker@example.com,11-01-2021 10:10
24,Karen Carter,F+6DYiA9,marymolina@example.net,10-06-2020 18:31
25,Kathryn Floyd,b6M@5idM^,donnalevine@example.net,30-09-2021 10:34
26,Ryan Davis,G#6Lrp,elizabeth76@example.org,12-10-2021 18:16
27,Cynthia Davis,4e16RzHV@35G,meyeralbert@example.org,11-05-2022 20:39
28,Meghan Nelson,_91J*gi9y,mirandaanderson@example.com,13-02-2021 06:38
29,Robert Tran,Z4y@1TCnCIC+,mary87@example.org,13-07-2022 04:25
30,Kristen Ruiz,#3@Owbq,crystal30@example.net,28-06-2021 20:30
31,Tina Mccormick,@9D7b!p+7W3PpV,georgesheri@example.org,02-12-2020 14:08
32,Devin Williams,(d2Zc#,bartonpatricia@example.org,03-03-2022 09:18
33,Adam Carr,!3ShDZ,gbenson@example.net,06-02-2022 23:48
34,Teresa Carter,(2iTUz1,tproctor@example.net,20-08-2020 08:11
35,Erin Williams,ya7LFRcv%h,colejefferson@example.com,09-09-2022 05:26
36,Darlene Carroll,&+7RC1h,aguilarchristopher@example.net,16-08-2020 21:01
37,Tammy Cardenas,W010nWgR),mary81@example.org,02-06-2020 10:59
38,James Richardson,^1@WPBB%o_Yo,craigpope@example.org,16-08-2021 15:02
39,William Hess,S7ay+0Ahf!,pmays@example.net,03-11-2021 07:17
40,Thomas James,(y^XkQah6*A6,barrettmelissa@example.com,13-04-2021 05:32
41,Jacob Walker,yahbHiF#D!0xM+,newtonclaudia@example.org,26-11-2022 03:04
42,Nancy Greene,^pCStupg9,melissa06@example.com,07-10-2020 01:16
43,Thomas Tate,#d2*G4n3Gm2Mr,etucker@example.org,05-08-2020 00:54
44,Andrew Stokes,5tLz^P(s)l,brianasmith@example.net,11-05-2023 19:03
45,Melissa Carter,8YN&1JjNXD,melissa68@example.com,31-10-2022 10:15
46,Brittney Velez,#30yOC9f,james11@example.org,13-01-2023 18:34
47,Christopher Galloway,cfIXWLYrvh*s39,danielsjohn@example.org,01-04-2023 01:57
48,Tara Quinn,TKtENR*k&X+7PK,kellyrobinson@example.com,01-07-2021 16:50
49,John Rodriguez,=+UQwFkN7m4K,brandymichael@example.com,16-01-2021 20:47
50,Jennifer Cabrera,^4oOsGI,gutierrezandrea@example.net,01-06-2020 01:55
51,Lori Monroe DDS,#SAx)ZtY20Oe,hbrown@example.com,09-05-2021 08:48
52,Jessica George,72Urk2Fps4_l+),obrown@example.org,17-09-2021 01:39
53,Briana Mendoza,B)07zFcV(z,ebaker@example.net,27-05-2020 13:58
54,Joseph Gonzalez,2B!HYcwn&,richardflores@example.com,19-10-2022 01:16
55,Anthony Perry,$MHS5SApP,jennifercox@example.net,26-04-2021 06:49
56,Karen Bowen,@%8MGm,youngbrent@example.net,11-08-2021 01:41
57,Christopher Cervantes,^DN6Ubk,brianmullen@example.org,31-07-2021 20:45
58,Mary Hall,&C8L_K0iNqpkB%,eaguirre@example.net,03-10-2020 12:39
59,Michael Cole,0xTz_Vjw!2,kristenkennedy@example.net,01-08-2022 03:16
60,Tracy Johnson DDS,q&Q0M+o,hallmichael@example.com,17-12-2020 05:47
61,Heather Williams MD,*7OxnXkf,ashley29@example.org,20-01-2021 16:57
62,Michael Owens,%8PdKz,qchristensen@example.org,20-01-2021 18:15
63,Belinda Sullivan,Gu+*$HiO$D0^68,michaelsanchez@example.com,08-12-2021 02:20
64,Michael Ward,pW&(KLMfm_5,christophercastro@example.com,24-09-2022 00:01
65,Christine Hall,2VSISCbUM9%b+,anthony02@example.net,20-09-2021 22:46
66,Matthew Wood,$c*vUGGh#3P0,jamesali@example.net,15-05-2021 00:15
67,Alexandra Matthews,)0bOOy,sarahscott@example.com,18-02-2022 23:54
68,Perry Anderson,&$QhqVjd7Gs^,martinezjames@example.net,14-05-2021 22:08
69,Alexander Rodriguez,7d9Fa5Qu#,khays@example.net,20-02-2022 22:46
70,Glenn Morales,CXu@EvtxJ667Nv,dmack@example.org,22-01-2021 18:05
71,Anthony Lawrence,#@8^ZpF,kimberly67@example.com,09-04-2021 08:10
72,Timothy Wood,v64kgnRd)8%l,timothy50@example.org,21-11-2021 21:25
73,Michelle Frazier,h#3Vx6,hernandezjames@example.net,31-01-2023 01:56
74,Jacob Meyers,*F0M7mWukcHhp4,austin70@example.org,05-07-2022 23:07
75,Reginald Kelly,c7DVk5^J!,ericksondavid@example.org,01-02-2020 05:29
76,Betty Evans,sJZ^o0RrJ*gJ4,barbara34@example.com,10-12-2021 06:19
77,Joshua Cunningham,=+tJro1Wz,deanna93@example.net,14-09-2021 14:41
78,Daniel Pierce,V$1)MUcw$,rcarter@example.net,06-04-2022 05:23
79,Ashley Phillips,c8SWQZqQ^,beasleytara@example.net,02-04-2021 10:11
80,Amanda Stone,#c7FNx#rIleY8,shawnmcintosh@example.org,10-10-2021 02:07
81,James Miller,=+_68Wbd,laurenjohnson@example.org,29-03-2020 05:08
82,Shari Hughes,*f^0K1Mns)^,tylergutierrez@example.net,31-01-2021 17:26
83,Kimberly Ward,$5OQp#,zking@example.org,25-08-2021 16:00
84,Yolanda Reed,%E!lWkMp8CT6,wallacewilliam@example.net,02-02-2021 13:15
85,Andrea Sims,%+@T7s4kx0,zmckay@example.net,04-12-2020 03:11
86,Joseph Mercer,z_+oAcSL*MM4,briannadavis@example.net,21-02-2020 22:06
87,Zachary Lee,Q)b1IEyPu%(N,mcleankevin@example.net,10-05-2020 20:12
88,Matthew Thomas,oq4E!zB&&,iwright@example.net,14-02-2020 11:45
89,Thomas Hodge,)d2Mbn,robertssharon@example.net,05-09-2020 05:18
90,Elizabeth Christensen,&8DHOG7x$1,darius41@example.net,31-01-2023 19:18
91,Teresa Greene,(M5OqRZn8!n,maddencristian@example.org,23-04-2021 00:08
92,Terry Hughes,)NeShD0fy9Du,donnasanders@example.org,24-07-2021 15:23
93,Brooke Anderson,)12QuW,christopher01@example.org,29-09-2021 11:37
94,Michael Mccarthy,%P8PAp,erik26@example.org,09-07-2022 00:13
95,Joseph Koch,MU9$YvCX5IF+#l,brandonblackwell@example.net,03-11-2021 11:45
96,Angela Salinas,&8XhF@uK,elizabethhuff@example.org,06-02-2020 05:38
97,Michele Webb,!5QLOe,linda94@example.org,07-12-2021 00:13
98,Holly Kirk,&@YsjB8uO1rv!*,peter75@example.net,05-06-2021 04:07
99,Kimberly Patel,2JakEYaArEN$,andrew94@example.com,06-05-2022 16:00
100,Jason Riley,*17Aor,ronald78@example.org,30-07-2021 01:04
101,Brett Smith,@+PvN^ya+#7,sarah98@example.net,25-04-2022 03:56
102,Rebecca Kerr,B@I$SH+m7NsO,stewartjacob@example.com,30-04-2022 00:12
103,Sabrina Mcfarland,1_3&evNYWP@RR,holmesangela@example.net,12-07-2022 16:04
104,Ronnie Gomez,_7%0Uhr0!w,kwest@example.net,30-04-2020 07:23
105,Dustin Blackwell,x&6Fsa,mark45@example.org,28-04-2020 16:31
106,Katherine Armstrong,gM&0mWuy,joanngutierrez@example.org,12-04-2022 11:32
107,Sherry Medina,z*n0(Z&sWbKgm,shirley97@example.com,27-05-2020 10:43
108,Troy Dean,C#!84GzcG%H,angelakaufman@example.org,09-01-2023 10:54
109,Randy Sanchez,^@0Vzi,sonyalogan@example.org,28-11-2022 12:42
110,Renee Harris,e^xh99BjO&pnZZ,bakerstephen@example.com,30-09-2020 08:48
111,Christine Thomas,0k&3kLu,margaretbrown@example.net,28-03-2022 17:17
112,Carmen Johnson,@^6WyF3o*_a,sanchezjackie@example.com,14-03-2021 01:46
113,David Burns,L)6vCrAyY,timothy37@example.com,04-03-2021 09:42
114,Anna Yang,K*Eu7LXf%,andrewglenn@example.net,17-05-2021 04:18
115,Brenda Leonard,^K1Uv0,robinsonmichael@example.net,02-02-2023 10:04
116,Jonathon Jennings,oHlCTFet&t9),stephen21@example.com,17-12-2022 19:30
117,Alexis Chapman,#2JlDdw,shane05@example.org,05-07-2020 23:48
118,Sharon Ferguson,4ilcsWg4*Ps,qrodriguez@example.com,27-03-2022 06:15
119,Robert Mills Jr.,(C52Og+t,pwest@example.net,19-12-2022 04:31
120,Nicholas Smith,%34ASqV,watsonpaul@example.com,29-09-2021 07:17
121,Norma Vance,(q__K61Mg6,thomascampos@example.org,21-05-2021 00:26
122,Daniel Coleman,F@zASYOc_G8,uacosta@example.com,19-08-2021 09:17
123,Matthew Hogan,J^5BLPyv,umoses@example.net,14-05-2023 13:17
124,Daniel Mays,HuxQoqiA!24ZG,ebraun@example.com,23-09-2022 01:32
125,Mrs. Lori Sanchez MD,U(9JYeF,garyjohnson@example.net,07-02-2022 05:00
126,Ian Buck,Op#*4USl,alexisoliver@example.com,27-02-2020 14:19
127,Erin Allen,^203Hs,michael95@example.com,21-01-2022 21:35
128,Erin Richmond,^k)6$Ov#fA,christopher70@example.com,04-05-2023 20:22
129,Laurie House,@mO9eFYam6m,hyates@example.com,10-12-2021 04:56
130,Darrell Carter,V#2YakS,angel18@example.org,06-04-2023 15:20
131,Jordan Howell,$48SAGMqL,bartonpamela@example.org,14-01-2020 22:25
132,Rachel Swanson,$(3ZI$&o&7HB8,travisjoseph@example.net,10-04-2022 10:04
133,Jeffrey Jackson,AI_2GjKT)b,plittle@example.net,09-04-2023 23:10
134,Megan Roberts,#4Xysa,villarrealjason@example.org,27-05-2022 20:03
135,Timothy Buchanan,*qQn1C6!y9,sherry11@example.com,18-08-2021 03:23
136,Justin Torres,e+XwwXt^A)4WC,cantrellrobert@example.com,16-10-2020 23:02
137,Jessica Mosley,0)V3Yd!!q,vparks@example.org,24-12-2022 22:42
138,Dennis Munoz,8I14Rf4m@,efoster@example.com,08-07-2020 08:51
139,Leslie Nichols,8LWCxGNj@,dwaynefrancis@example.net,15-04-2021 21:52
140,Christina Goodwin,wxXp7VWljc4$3,jimenezrobert@example.net,08-12-2021 23:28
141,Stephanie Decker MD,e*h20C^w&%T,barryschmitt@example.net,29-05-2020 21:17
142,Charles Rivas,@HX#eqk$x3,katherine46@example.com,25-10-2020 11:55
143,Anthony Jacobs,9t1%dzad**CH,eric30@example.org,18-07-2021 20:05
144,Elizabeth Thompson,L+&5UBm,brooksmatthew@example.org,13-07-2020 18:40
145,Juan Avila,$v(Hp5Gaz9affL,ewolfe@example.com,09-07-2021 08:40
146,Laura Boyd,#@x2KD6d,sean73@example.net,29-04-2022 00:36
147,Alexander Brown,)&7TVb,amberholmes@example.org,27-07-2021 09:40
148,Christopher Dunn,a#N4QfMCX,anthony50@example.com,27-08-2022 17:58
149,Sarah Smith,RK^Y(V7r1^93K,kimberlyperez@example.org,11-03-2020 01:57
150,Michael Mcknight,bX4qIZRi&C*!,wsnow@example.net,02-05-2020 03:59
151,Peter Fields,F)93dNpvBos,jakeclark@example.net,04-10-2022 05:02
152,Sally Morales,@PEK0o5h(8,nlarson@example.org,02-02-2023 19:07
153,Steven Martinez,(0)(Sp,albert28@example.org,14-04-2023 04:24
154,Evan Reid,QQ43Ha2o%%,davidharrison@example.com,04-10-2020 01:50
155,William Taylor,#9CoeZ,allenwendy@example.net,30-12-2020 04:34
156,Kyle Harris,r!miq@d)&Ze7dU,npalmer@example.org,04-10-2020 00:19
157,Ashley Jenkins,bk1Ziwz@)6j,ggarza@example.com,19-08-2022 16:27
158,Thomas Lambert,@2Ruun9u6yZ9$^,cbaldwin@example.net,28-06-2020 14:08
159,Dennis Cooper,&da(wt(nAS4GvW,cory60@example.org,04-04-2023 22:41
160,Brenda Newton,$7u3Ew,jonesshane@example.com,21-10-2021 18:22
161,James Cook,%BApDM2jZuD4*Q,sherry42@example.com,19-09-2020 19:38
162,Nathan Sanchez,!OyvBj(De4SB,tandrews@example.net,22-10-2022 19:40
163,Reginald Edwards,9#AF!rTR@,vazquezbrian@example.com,22-04-2022 14:45
164,Jerome Savage,F#8RO+Sx,bennettmichael@example.net,13-05-2021 04:20
165,John Alexander,L$87IRh,shelleymaxwell@example.com,21-03-2023 23:33
166,Nichole Morales,&z19LGd,jturner@example.net,02-01-2023 15:20
167,Joshua Williams,3+w9pCbqRK,tammymontgomery@example.org,15-04-2022 07:57
168,Barbara Lopez,pek4Oket&,jessicacampbell@example.org,04-07-2020 18:30
169,Dr. John Rivers,8$9OJ$q,chelsea60@example.com,18-08-2021 07:01
170,Jennifer Singh,+9UhmC,goodmantimothy@example.com,19-05-2021 23:35
171,Julie Bowen,s3QSjmdb^,barnesjonathan@example.org,15-03-2022 11:36
172,Angela Hernandez,m*3vLb,hughestony@example.net,13-08-2021 02:47
173,Alison Johnson,^^56Nq,lisacoleman@example.net,23-12-2020 03:27
174,Dylan Hansen,#_9*Y4Ae,sarah26@example.com,29-09-2022 11:21
175,Ruben Oconnor,!^O94G5c$V3Rz,vsimpson@example.net,18-02-2022 03:07
176,Maria Cunningham,=+HUKnr9i702hes,rodrigueztodd@example.com,22-10-2020 20:05
177,Paula Johnson,(S_76ALm6!oi,lisafrench@example.com,26-09-2021 04:31
178,Ronald Underwood,@9I4tfpw,steventhomas@example.com,10-02-2022 04:21
179,Christopher Lopez,3MO#0Vn,gharrington@example.com,07-05-2021 11:14
180,Donald Johnson,^rDI04ZIS8,marshalljasmine@example.net,12-03-2023 16:37
181,Elizabeth Smith,^N7WqVyS&),lisawheeler@example.org,10-11-2020 08:00
182,Mark Briggs,T*i8rPkhQt,christina69@example.com,12-06-2020 14:31
183,Christopher Martin,)O9P+T9yh&Xx,edwardsjessica@example.org,07-05-2020 20:30
184,Lindsey Paul,FXph67h#y^4WfY,stephanie98@example.com,05-06-2020 14:55
185,Colton Peterson,qI%8D$w8Sk,xharding@example.org,20-09-2022 19:45
186,Maria Stone,!4XMwrl,kristi32@example.org,17-01-2023 06:22
187,Stephanie Park,I_52FNwwtO,rubenodonnell@example.net,16-11-2022 01:01
188,Erik Morton,7rv#7GGaE,travisryan@example.com,19-08-2021 19:27
189,Anthony Wagner,Lr*d1HjM*PmF,fpacheco@example.org,04-05-2020 06:29
190,Amy Hall,!9PRtM,nelsonseth@example.net,22-05-2022 18:23
191,Ryan Rodriguez,pzKnzpla)54U,hunteranthony@example.com,17-12-2022 19:26
192,Lisa Spence,^!%72Bvwc,frank76@example.com,09-08-2022 01:49
193,Christopher Richardson,))3k1!_cv_O,edwardsmarilyn@example.net,13-04-2023 08:47
194,Edward Robinson,hwK14Cdgh^@VQ,patricia64@example.com,02-08-2021 22:37
195,Traci Li,()3SL6gc,shannon50@example.com,14-01-2022 00:04
196,James Scott,$eJ%3dSp,fclark@example.org,25-02-2021 22:34
197,Elizabeth Smith,b@J38GfGe,morgan32@example.net,03-03-2023 00:17
198,Dr. George Johnson,m&8X20Pir,srandall@example.net,16-04-2020 04:41
199,Brenda Munoz,MBGjZURM!2$,nicholas32@example.net,04-03-2022 23:38
200,Anita Hernandez,MdM9CAYSO(,doris91@example.com,08-10-2021 12:01
201,Julia Clark,_rQ*Izk5CbVmU0,cindy26@example.org,03-01-2022 03:56
202,Brian Smith,$^3ijvIqIKOL,kimlaura@example.net,28-06-2022 11:22
203,Anita Kline,(u^VP(Te&2Sqg,tfleming@example.net,15-02-2022 06:59
204,Nicholas Ferguson Jr.,)%b%@9Gc,jshort@example.net,16-09-2020 06:17
205,Diane Howell,^v6(Y!u,ibrooks@example.com,17-09-2020 11:42
206,Jennifer Mann,*x9RoaC,evansjoseph@example.com,12-03-2023 04:04
207,Jordan Dixon,61iW#qnj+bZ,tracey43@example.com,22-02-2021 03:30
208,Sierra Ramirez,*1)ISo5dUb_E,kelly92@example.org,21-09-2022 07:00
209,Colleen Ward,*1oJqqo,michaelbeck@example.com,14-04-2023 08:43
210,David Benjamin,$!MrtEc4B3,hoganmichael@example.org,12-05-2022 21:11
211,Susan Reid,%l8K$kvF,davidsonalex@example.net,27-07-2020 08:06
212,Peter Barry,_W29JWo!u,coxbrenda@example.net,03-12-2022 06:24
213,Nicole Perkins,@%z2MVmCS+,bradleyhumphrey@example.org,31-01-2021 09:54
214,Anita King,p%KEHr7cD%k7,stephaniediaz@example.net,28-03-2022 12:59
215,Nicole Kelly,D0M@qD^f%2dY#,andersonbryan@example.org,20-04-2022 10:37
216,Margaret Rivera,OsNCeb1d#b6M,williamsjohn@example.org,08-09-2021 23:14
217,Lorraine Eaton,o+Gt6+Gh,nbernard@example.org,18-06-2021 20:03
218,Jennifer Davidson,(^$5Yi@ll,christopher79@example.org,12-11-2021 09:11
219,Brittney Shaw,j_2*9iCXRwX,stevenwright@example.com,08-08-2020 01:02
220,Francisco Kelly,_p5xIHkCQ0V,fkelley@example.net,12-03-2020 23:29
221,Lisa Wilson,*b00VUt,summer17@example.org,21-10-2020 22:03
222,Jenna Woods,2U%+yQDu(UM,qhouston@example.org,15-08-2022 19:03
223,Michele Smith,(5UbD7dpe,darius67@example.org,23-09-2020 19:19
224,Aimee Mccormick,EN%0Bapn,anthonylopez@example.net,10-04-2020 01:38
225,Dylan Garcia,&4ch0h*p!XnuR,georgeperez@example.org,02-02-2022 04:22
226,Cheryl Hill,_%0Shlv,tomscott@example.org,27-07-2021 05:35
227,Joshua Martin,2qk2Dpno3_,coopernathaniel@example.com,08-02-2022 16:06
228,Stacey Ellis,^_4wC66gT,jean36@example.org,12-10-2021 06:56
229,Bonnie Pace,01iqZjoo^e,brianfitzpatrick@example.com,04-06-2022 08:29
230,Katelyn Russell,)52uLJso,tonylittle@example.com,30-08-2020 01:10
231,Zachary Marquez,_7yQzd,pricegarrett@example.com,14-10-2020 19:25
232,Krista Walker,$5Uviz@a$2,jacob44@example.com,17-04-2021 22:54
233,Tammy Ross,)v5)AUdoTsa&T,justin72@example.org,11-05-2021 17:50
234,Pamela Baker,%4Ef9aj8e,jeffrey27@example.org,19-04-2021 23:52
235,Kathleen Kennedy,#US5Rhm,jnguyen@example.org,30-10-2020 16:36
236,Samantha Carter,k0kS_soK&c+!*0,shayes@example.org,31-12-2022 10:54
237,Steven Gilbert MD,!66P@Z069u5edf,johnweeks@example.org,02-04-2022 05:37
238,Jonathan Pierce,#3EO8FsX,lisa78@example.org,05-12-2021 09:16
239,William Wilson,$0@kKu,arielpatterson@example.com,24-04-2021 06:11
240,Susan Hutchinson,)k3X)hE4,cesaranderson@example.com,18-07-2022 09:28
241,Tammy Gibson,dp94QGmA&$Ek,simmonswesley@example.com,03-09-2021 12:24
242,Dr. Kimberly Scott MD,7#35Vjgvy,sherritate@example.com,02-02-2023 16:15
243,Matthew Gibbs,%)6Oa!hu#(vN,josephdavis@example.org,10-09-2020 17:57
244,Zachary Simpson,)!3AONjr!GnnT8,jasoncharles@example.com,13-10-2021 13:28
245,Matthew Waters,2G_v$9Ol4cZ,owensbarbara@example.com,15-01-2023 02:36
246,Seth Smith,yl_i65LtvK2,omartinez@example.com,26-10-2021 21:56
247,Dr. Darryl Pratt,*7LO_utfL,joshuadonovan@example.net,05-10-2021 06:25
248,Amy Stein,DyA$PYMe#)gy5E,breed@example.com,22-01-2023 06:28
249,April Poole,%7Xc45lei*BXa#,ybaker@example.org,27-12-2021 15:10
250,Sarah Johnson,e%0Dbc%,jameslane@example.net,24-07-2020 18:51
251,Ashlee Hayes,99_OTNwa*,albertchen@example.org,11-09-2020 20:07
252,Michele Lowe,Cq1R&w!xT%boH5,vcruz@example.com,09-11-2020 21:36
253,Teresa Matthews,4Z^p9Nw,michellewalters@example.net,12-10-2022 19:10
254,Douglas Jordan,!24AWq@,psmith@example.com,11-04-2022 23:57
255,Casey Krause,^3Clfw,lcooper@example.com,12-01-2021 17:21
256,Erin Meadows,hEQZf8hjH$VSvh,amypeters@example.org,25-03-2023 03:42
257,Ian Andrews,s!8mMgi6MBP+b,mlee@example.net,07-05-2021 18:12
258,Brandon Porter,_V4AypWvO#g2Rs,gregoryfoster@example.net,16-08-2022 01:13
259,Lee Hays,P1AOOnfn^P,drodriguez@example.com,12-11-2022 23:02
260,Brittany Taylor,n3j!2mSumUzQ,james84@example.org,11-06-2022 04:05
261,Wendy Jones,Y0JLj2jx+0$+i,zunigacourtney@example.net,23-10-2020 01:25
262,Kyle Brown,#2U8Rvq&11zy,allison26@example.net,23-07-2022 11:15
263,Marissa Miller,!C8D_VgqC,melanie50@example.org,17-06-2021 22:27
264,Michelle Andrews,^Ic9*VMoO!,fostercurtis@example.com,01-01-2023 04:23
265,Laura Gray,=+eN9SzSDq1Brh,ebutler@example.net,24-01-2022 22:15
266,Tanya Williams,L*0@e2GkC7k,aaronschmidt@example.com,07-04-2021 04:38
267,Brandon Wells,7SGSQuDg&_Z_ou,robertlawson@example.org,20-12-2020 09:42
268,Kevin Henderson,UG#5dTac!wISSh,colin24@example.org,12-02-2023 22:42
269,Natalie Huffman,!q&oIaK1S+7%d,dthompson@example.org,19-09-2022 08:25
270,Christian Bailey,i6T%crEM*,rwilliams@example.net,19-06-2022 23:45
271,Brooke Steele,9EyS0zny%t2,johnsonamy@example.org,14-01-2020 13:38
272,Aaron Jenkins,)nxO29Jy^#,david96@example.org,23-03-2023 04:58
273,Jennifer Thompson,@e6mVi,lbowman@example.net,03-12-2020 23:54
274,Micheal Reid,B@8Ju$0,padillajennifer@example.net,15-06-2021 00:42
275,George Shannon,y*S7pOdmBf,mackenzie79@example.org,02-05-2021 21:32
276,Michael Wallace MD,C)38GTAf9dD$C,njacobs@example.org,09-06-2022 13:05
277,Christine Gutierrez,R%K*xU0Z(2,nancy69@example.net,09-01-2021 08:51
278,Kendra Faulkner,Muk)0Pg,shannon61@example.net,14-08-2022 00:23
279,Michael Smith,%7R%8OPha3U,aguilarwilliam@example.com,19-09-2020 02:58
280,Alan Johnson,%YC8NRiB(,mknight@example.org,22-02-2023 23:09
281,Tommy Crane,4T#*$0RaE27NaB,morenokaitlin@example.com,18-10-2022 13:27
282,Shelley Andrews,xn5%HiLO%UY,hallwendy@example.net,22-01-2022 08:32
283,Michael Hughes,!9EYwY^i!W4WX,david15@example.org,25-08-2021 08:28
284,Mark Harvey,)3LQ)d,saraduncan@example.com,09-06-2022 14:56
285,Jody Lewis,k*0&mhQfMSyb,cathy89@example.org,14-12-2020 08:29
286,Dr. Jeffrey Foster III,)Y5SPpj,mgarza@example.org,13-12-2022 06:03
287,Susan Novak,_Os0CCK61xgMlS,robertclark@example.org,08-05-2020 02:32
288,John Johnson,!6YnOy,davisheather@example.com,13-11-2020 11:59
289,Margaret Weiss,6%(2zFZt!p,calderonbrent@example.org,09-03-2020 20:27
290,Jason Elliott,@XDDWmby0ohVh,holdensally@example.org,02-11-2022 22:08
291,Melissa Williams,OS70eHpC@R,arthurcoleman@example.org,05-12-2020 08:36
292,James Rodriguez,*83Pzlkn)WH+m+,ashley64@example.com,21-06-2020 06:33
293,Rebecca Brown,+6mMJiv,bdiaz@example.com,29-03-2022 10:51
294,David Solis,bXR0Uf5w%t,sharon03@example.net,06-09-2021 02:11
295,Tammy Barajas,XlZ)5Co,bakersherri@example.com,26-03-2023 15:45
296,Stephanie Garcia,+L%0rAKlKM,vasqueztony@example.org,17-09-2020 19:23
297,Angelica Mccall,!0Bz^M,michaelowen@example.org,22-04-2021 14:49
298,Katherine Jones,hJ8xznz%w(6A,arusso@example.net,06-06-2020 20:41
299,Aaron Hobbs,(3obJ%2)7rp6^i,shannon49@example.org,27-02-2021 14:46
300,Michelle Allen,y(t76Dtj$W,omcpherson@example.com,25-03-2021 22:35
301,Stephen Moss,&+f2ZNVfPXc6,suarezfernando@example.org,30-12-2020 12:25
302,Jeremy Alvarado,(yF4Mi,diana18@example.org,23-06-2022 06:04
303,Jane Fernandez,N_8NCZGmlw5j_+,bward@example.org,13-03-2021 05:14
304,Ann Bell,^P#8pCPt^,baustin@example.com,28-07-2020 08:43
305,Matthew Stone,4lX7kDyM^,nathan95@example.net,15-11-2022 03:19
306,Brenda Olsen,Gw1VFr3DK%V,qgill@example.com,30-11-2020 14:44
307,Diane Marquez,vs_1DGf,vfernandez@example.com,18-05-2022 09:42
308,Jamie Ramirez,(_82A!mtt7,jennifer60@example.com,03-11-2022 06:54
309,Lee Kelly,(09T7h,mmartinez@example.org,17-03-2022 05:25
310,Scott Kelly,=+_FJwZ+H2ONT,yward@example.org,07-01-2022 05:29
311,Julian Edwards,Y(1ONp#15RM,brucebrooks@example.net,27-07-2021 23:40
312,Nathan George,g*55Onh,amcdaniel@example.com,26-01-2023 01:38
313,Mrs. Emily Wilcox,4wfQSOXz8C!6!L,mary72@example.net,10-07-2022 17:37
314,Dr. Andrea Clark,_LA8Gv8,samantha88@example.org,13-05-2023 18:45
315,Joseph Garner,+8LDXrkamY1%kN,lisa95@example.com,21-02-2021 20:25
316,Brian Robinson,_UMq$2Cg,zamorachristopher@example.net,07-04-2022 06:52
317,Thomas Smith,11w6gRgZ@,russellbrian@example.org,31-12-2021 02:25
318,Steven Richard,2@PT0_xz%,browndoris@example.com,12-05-2023 22:45
319,Mary Erickson,#3x_UI%Z#f!$T,megan31@example.net,03-05-2020 05:16
320,Mariah Potter,$0MK(ho,joyce35@example.net,25-04-2020 04:20
321,Wanda Edwards,%4Ko2w,rhampton@example.org,14-03-2020 20:42
322,Jonathan Rhodes,_E_CUd0GlQd2H,melanieestes@example.com,25-01-2021 11:45
323,Laura Cox,%vqCnGgxu65,banksmason@example.net,20-01-2020 01:49
324,Ryan Faulkner,_Xy29AVpC$,susandavila@example.net,04-01-2021 12:26
325,Jesus Mccall,Hp1Z!Kzwk@94Gv,joseph84@example.net,18-12-2022 13:55
326,Cody Wagner,N6sNf1n2^p,allisonclements@example.com,03-01-2022 20:11
327,Mario Roberts,9Q(nR69dV^x,adrianhenson@example.com,29-12-2022 20:54
328,Renee Smith,**HwWFway52mn,kim57@example.org,26-02-2022 03:11
329,Alyssa Blair,m$25RIQa3x,gonzalezkrystal@example.net,29-07-2020 05:11
330,Megan Owens,4gWW#_^7*5t,martincatherine@example.net,13-11-2020 01:38
331,Ryan Potter,)QP0z%Kp,pittsdavid@example.com,07-09-2021 16:50
332,Tyler Fowler,+ixUQito)e72,plewis@example.com,20-12-2020 23:34
333,Manuel Allen,_7QPku,ambermorrison@example.com,28-06-2022 22:49
334,Natasha Gomez,J#D4Y&nnR+7d,markpeterson@example.org,25-11-2022 07:58
335,Terry Stark,AhF(t7Jd,taylordaniel@example.com,26-08-2021 23:24
336,Mr. Mark Good MD,&W%D+kBv1r&8,harringtonlisa@example.com,21-03-2022 04:16
337,Margaret Watson,+499Iq0$n,gabriella73@example.net,10-04-2020 21:12
338,Chelsea Kennedy,S6&XBniz$TD,jacksonmarvin@example.org,17-09-2022 02:49
339,David Aguilar,)5Iwu(,smithroger@example.com,09-03-2022 04:55
340,Jesus Swanson,@NVa37Hi)3FZ7,dunnmichael@example.org,26-02-2022 08:44
341,Veronica Hanson,#d9qDOhCX1),yharmon@example.org,07-07-2022 22:17
342,Matthew Henson,&4jf$Twr,tylerlori@example.com,14-02-2023 18:45
343,Chloe Thomas,4WN(tGk$(8,martinshane@example.com,13-06-2022 14:06
344,Brenda Williams,Eg(bvHPjv^)5,pjones@example.com,26-09-2020 15:40
345,Darryl Gardner,#x4dFDkb+nQ,mary00@example.com,20-04-2021 11:54
346,Michael Gonzalez,a5kKR^tEN6e(rw,jgates@example.com,09-07-2021 13:30
347,Alexander Harper,F4bSw@$1*hK,amanda66@example.org,21-11-2021 00:13
348,Thomas Stevens,_jMJHMiVQc3,ilopez@example.com,08-07-2022 02:19
349,Haley Ballard,5MD7ZCKu+It,dorothywelch@example.net,30-06-2022 02:07
350,John Webster,@SZ%Xdov3,farleyryan@example.net,30-12-2021 09:44
351,Kathy Powell,*yRgkovoz9KlN,sabrinasimpson@example.org,13-04-2023 00:09
352,Zachary Webster,@4vb9Crs,hlee@example.org,06-06-2021 01:26
353,Julie Hunt,$I7%Na+c_22,andrea31@example.org,26-01-2021 21:32
354,Mark Hardy,Z4KClq@b#q4k,gabriellethompson@example.org,30-04-2020 01:43
355,Jeffrey Sullivan,_mBXSqoMsD9,justinmendoza@example.com,18-02-2021 03:19
356,Linda Mckenzie,sb9K+4Oez,debraperez@example.org,27-10-2020 16:12
357,Walter Ellis,&G3g6Yt,nwalsh@example.net,26-01-2023 03:31
358,Jean Yoder,!@l6zFDydi,cortiz@example.org,06-06-2022 04:30
359,Austin Powell,&O5RPTRh,josephwright@example.com,07-11-2020 03:28
360,Lisa Davis,7ZYP1o(S)qDLs,daniellesalinas@example.com,06-09-2022 01:53
361,Jenna Diaz,jF%@IdvO+0,marykeller@example.org,17-10-2020 15:46
362,Catherine Goodwin,@5!INj,robinsonmarie@example.com,22-03-2021 04:23
363,Robert Thompson,DNN8BsWd+,michael29@example.org,11-10-2020 02:05
364,Eric Cummings,r2GHu+6l@2,wobrien@example.net,08-12-2021 16:05
365,Jessica Frye,(4IC1c2,jlowe@example.net,08-04-2020 04:42
366,Jason Arellano,%^5gsq03KLY+,jeffreylucero@example.net,28-01-2021 04:17
367,Brad Gutierrez,$Jb&oEgj4,holdermary@example.net,03-10-2022 06:57
368,Jamie Gilbert,nwd^77QnD,robin68@example.net,09-08-2021 04:24
369,Kendra Gregory,%66#W#QyQF7,vbowman@example.net,23-06-2022 03:07
370,Nicole Scott,a5*8i6Ji,gonzalezdeanna@example.org,11-02-2022 11:54
371,Logan Bennett,e$DAeKwKEL0e,glenn72@example.com,02-09-2020 02:01
372,Caitlin Patterson,%4WT(f$Yb@7^Ds,watsonrandy@example.net,10-10-2020 01:12
373,Dr. Alexandra Campbell DDS,em!78Xj,drowe@example.net,21-10-2021 10:21
374,Sharon Berry,jbU5D%Us^MN8t,davispriscilla@example.com,11-11-2021 10:29
375,Michelle Moore,@cfPVYxw)X7,qodonnell@example.com,08-09-2022 03:32
376,Kimberly Hicks,!96UbQDD,ricky32@example.org,06-07-2020 15:22
377,Wendy Smith,_m5Cfa,myerssherry@example.com,27-02-2021 10:31
378,Daisy Taylor,P_H5DjkkjA#^,martinezkimberly@example.org,17-06-2021 08:10
379,Brandon Barry,+B8@2Ix,parkercharles@example.com,27-01-2021 00:22
380,Samuel Taylor,g&*3Lu%gsfw,ronaldmitchell@example.com,15-08-2022 12:58
381,Ryan Martinez,%e#72Mv7jz@H,sawyertimothy@example.com,01-10-2021 23:41
382,Holly Moody,82SL2bsp$fh,moorekenneth@example.org,22-02-2021 15:32
383,Kevin Hall,)i35VZnp$TZJ4k,cassandralin@example.org,22-08-2022 21:20
384,Jamie Edwards,+795RyGrgx0,ilewis@example.org,15-02-2023 01:11
385,Robert Daniel,#q3LQE4o,gabriella78@example.org,12-03-2022 00:09
386,Michael Campbell,U(7LRgX,rogersjennifer@example.org,13-05-2023 04:55
387,Kimberly Young,h8mUPn2d@3)_,ecasey@example.com,12-12-2022 20:52
388,Crystal Rios,O5e@B6Iw&,blaketaylor@example.org,14-12-2022 19:36
389,James Moore,9rRo9r2A@sBXx,griffithtracey@example.com,29-03-2021 21:19
390,John Cox,*2)GKo9#Ps1c,jakethompson@example.org,23-06-2022 01:39
391,Joyce Barajas,5cR1DZyc%h_d,aandrade@example.org,31-03-2023 17:37
392,Douglas Williams,!D0dEDiq6iK0,usmith@example.org,11-02-2022 21:00
393,Christopher Brown,G&n(zKsk!U%8,agalloway@example.net,26-02-2021 07:50
394,Erin Espinoza,)2AMBd,monica64@example.net,04-10-2020 03:10
395,Kevin Green,$cw%1Tl,jessica14@example.net,16-09-2022 15:09
396,Megan Fuller,^9cZfccF4),wgonzalez@example.org,09-07-2022 05:36
397,Larry Davis,g7B)RIl@A+ZdH%,hbaker@example.org,28-02-2020 19:09
398,Dwayne Fuller,&3UGAn,randysummers@example.org,12-05-2021 18:39
399,Jennifer Alvarez,$jN9(UHlCU&,hochoa@example.org,01-05-2022 01:49
400,Dennis Soto,$&4Lrk,jessicamartinez@example.net,28-02-2021 08:47
401,Nancy Johnson,%1DCZ+k,joel41@example.com,12-05-2021 14:43
402,Kimberly Khan,_h6BAE1cV6,bianca40@example.com,29-08-2022 14:44
403,Michael Cox,@)6R2Qj#GyT),arthur25@example.com,20-03-2023 04:12
404,Peter Miller,ENrQnqRCG_0A,odavis@example.net,26-04-2023 17:21
405,George Manning,$0HRGguO,nicoleowens@example.org,24-08-2022 01:51
406,Stephen Hanson,voO06RDgh+S,owensara@example.org,10-06-2020 06:33
407,Adam Rhodes,$k)(7oXpuC,batesdavid@example.org,02-09-2021 10:38
408,Melanie Moore,hFP)y9lO^8pc4N,xrodriguez@example.com,27-07-2021 11:07
409,Craig Nicholson,+50Sluwa^B,kdavis@example.net,21-10-2022 19:36
410,Ashley Ramos,8$8Jg3TvZ,whitemegan@example.org,06-04-2023 18:45
411,Adam Fuentes,fMK@79pPW+,derekgoodwin@example.net,12-08-2020 18:31
412,Alejandra Russo,&h4Jw%,davischristopher@example.net,13-05-2021 23:06
413,Amanda Russell,_!2Semcdy,brian94@example.com,02-04-2022 13:28
414,Kimberly Evans,So%mDc9)I55J,ywoodard@example.com,19-01-2020 09:45
415,Cynthia Singh,J9)VXsRx(M9,jefferyanderson@example.net,09-12-2020 00:32
416,Melissa Martinez,gD@3P8Qe4y,sarabell@example.com,21-04-2022 08:51
417,Benjamin Pierce,XtRm1Ayt$5r,eavila@example.org,16-01-2023 05:41
418,Allen Martinez,cIYM@5QefWY,hunterkelly@example.com,11-03-2021 19:36
419,Matthew Lopez,C@9IIhj,brucewhite@example.org,29-09-2020 21:36
420,Melissa Garrett,GJ**phKN&g8Q1U,mdixon@example.org,09-01-2023 02:09
421,Dr. Hector Walters,+!c1yJe),zdoyle@example.org,20-07-2021 07:00
422,Nicole Miller,$Z6Uz#,alyssa03@example.net,14-10-2020 19:29
423,Ann Gordon,_lS*Y_Cv5e,zbradley@example.com,06-10-2021 12:42
424,Glenn Conway,(0UsNmw,wrightbrenda@example.org,10-12-2021 22:46
425,Kayla Mason,!Ys2Tma,robin97@example.net,26-08-2021 03:49
426,Alicia Green,AXO+Z5m8V+@H&h,lynnduncan@example.com,24-01-2022 03:01
427,Shannon Baker,c0A_DJFJ$5d,bakeryolanda@example.com,26-04-2023 07:24
428,Jennifer Blair,b!PBcrDGF$94,sanchezdanielle@example.com,15-06-2020 03:39
429,Jennifer Costa,!xXIEIl66,nrivera@example.net,01-05-2021 00:39
430,Angela Barnes,!4TZ6a%RD#9mt,xarmstrong@example.net,25-04-2021 13:28
431,Breanna Downs,sSt1NhI7*t,qclark@example.org,25-04-2022 07:15
432,Debbie Chavez,B$0NwWIr@,wrodriguez@example.com,20-06-2022 01:11
433,Kenneth Avila,__7(FpSwf(,anthony23@example.org,29-10-2022 01:38
434,Jessica Mason,zP%ATu)4+_*56,nathaniel54@example.net,21-02-2022 03:04
435,Bradley Sanchez,w!9bwujZ!0xnA,morenopeter@example.com,15-05-2020 23:17
436,Robert Thomas,A(%(9IVhd^L27,frazierconnor@example.com,07-11-2020 14:41
437,Erin Vasquez,Y)1j*0Cmv,larrymiller@example.org,23-01-2022 05:01
438,Steven Jones,)39GdSm,jennifer95@example.com,19-10-2020 07:59
439,Timothy Fleming,5K3zKBDf##,smithheather@example.net,29-10-2021 05:54
440,Amy Hall,&9*@HUgc,matthewchoi@example.org,04-09-2021 23:34
441,Steven Washington,$fN9ZC3m(,matthew60@example.org,13-04-2021 22:50
442,Marcus Simmons,#MD3QlQtU*4,derrickforbes@example.com,10-02-2023 08:12
443,Harold Franklin,H13VciD_^TB,brian01@example.com,26-12-2020 02:14
444,James Williams,q_3T06Sv4Zoc,ruizjames@example.org,09-09-2021 05:18
445,Jeffrey Robertson,#4Vhfa3,judywhite@example.com,17-12-2021 20:16
446,Kathleen Curry,E5$0O9lHnPMLEV,kristineharvey@example.com,04-10-2021 17:55
447,Kristy Burton,(i&CZndmh2c&,austinlopez@example.com,21-07-2021 03:00
448,Jesus Rodriguez,@7z4Nb_b,william95@example.net,25-10-2022 02:58
449,Alexa Lozano,ubY2gNkm)L2z,tgillespie@example.com,29-01-2021 21:05
450,Karen Alvarado,2!U9Ys,hamptonwillie@example.com,05-06-2021 11:05
451,Stuart Davis,H$I3EQts,kimberlychapman@example.org,15-11-2020 23:06
452,Michelle Hanson,1s$6aSuq,xsullivan@example.org,12-06-2020 01:09
453,Tracy Morris,@OHtRHer)7_6S,ryanparker@example.org,08-04-2020 04:34
454,Kiara Lutz,h!3U6mUo^,jennasanders@example.net,27-10-2021 06:52
455,Danielle Clark,)0Cm@V8J1YkFf,stacey63@example.com,29-06-2022 14:16
456,Kimberly Booker,^6K!yd,ule@example.net,12-09-2022 14:38
457,Kelly Williams,T!3oACl8,aliciasmith@example.com,27-03-2022 07:57
458,Aaron Black,!%N8Zxq,jlopez@example.net,22-06-2021 09:46
459,Joseph Chen,L#gjeqjhE29T,nclark@example.org,28-01-2021 16:15
460,Amber Medina,W$I0jQDq)(x^4r,christinadaniels@example.com,16-12-2020 05:47
461,Tara Rowland,#Z^6lW1xRatt,brianjuarez@example.com,07-01-2022 18:17
462,Stephanie Guerrero,_F2KQx,hoffmansandy@example.org,20-08-2020 16:11
463,Caroline Williams,$1cWC4Mf,wlindsey@example.org,30-04-2023 22:32
464,Renee Thomas,TH4Z+hFb3F)KWv,jayhill@example.net,21-04-2022 07:22
465,Joshua Gonzalez,*B(Aqq6KBW7,johntorres@example.com,02-08-2020 02:58
466,Christopher Brown,+M*0C$n,edward13@example.com,28-08-2020 14:55
467,Aaron Woods,@zuoj7GvqZ,johndavis@example.net,10-01-2023 04:17
468,Steven Anderson,Ns9LRc6u#7o,evanskirsten@example.net,18-10-2021 08:31
469,John Hess,H7sxx@Qr&,kyle55@example.org,18-03-2021 11:37
470,Brenda Perkins,E0q+9n0p7CkZ,kmartin@example.org,17-01-2023 23:47
471,Thomas Martinez,$d^8Il,navarrolisa@example.org,24-02-2023 00:26
472,David Bennett,U^0S4ju_Ssak,abarry@example.org,29-09-2021 07:38
473,Samuel Clark,9#gIzgutIr9roH,eriley@example.net,30-06-2022 02:00
474,Dylan Dixon,kpH4z!zCl^6$8,fordmark@example.com,05-04-2023 12:01
475,Laurie Ingram,_3*TFj,fsmith@example.net,16-04-2023 18:47
476,Shannon Chandler,*e72%EmTBoW,michaelbradford@example.org,08-08-2021 20:03
477,Julie Cortez,*6OZ2zwp@O^,yukimberly@example.org,04-05-2022 11:15
478,Brian Humphrey,N+18inJhH1D,stewartjoshua@example.com,04-06-2020 12:37
479,Angel Sweeney,#p1lTkp,wwilliams@example.com,02-04-2020 20:17
480,Christopher White,3*3WQQs,kelsey30@example.com,27-01-2023 20:47
481,Dr. Patricia Shah,791CedYyA$(FA,melaniekeller@example.com,27-10-2022 13:44
482,Vincent Hull,!kGb5v136Qvf3,mthompson@example.com,13-04-2022 10:25
483,Monica Reese,&6%TKjv1#Wy,valerie76@example.net,27-08-2021 17:38
484,Maria Barnes,o^1Ddu,carrie73@example.org,28-02-2020 06:25
485,Melissa Nguyen,OdY_1gTl*r&,sparksdavid@example.org,02-03-2020 06:19
486,Stephanie Mayo,#&0bNs,losborne@example.org,30-12-2022 01:09
487,Rick Smith,!0XZ(t,joshuamcclain@example.net,26-07-2020 13:21
488,Karen Bush MD,*xC6GecY46ud%s,dmartinez@example.com,06-11-2021 01:31
489,Lisa Sanders,n@8OLsd1)hqO,william19@example.net,07-02-2020 18:56
490,Mary Pierce,%@G4QmJmK,rachelwagner@example.net,28-09-2020 08:30
491,Matthew Greene,#hJ7Fg0v$,eromero@example.org,22-03-2023 06:14
492,Ryan Jackson,@1PdCkg+,nbrown@example.org,22-07-2022 20:13
493,Samantha Anderson,+4nCv9,smithwayne@example.net,06-01-2023 17:27
494,Karen Smith,h@Z2hz!L0#7Yxj,lindsey69@example.org,15-12-2020 00:43
495,Traci Everett,(7m@EHZtozk,watsonjennifer@example.org,03-09-2022 04:41
496,Bradley Jones,^!6O^Ehp,aaron45@example.net,19-11-2020 20:44
497,Gregory Dawson,y$2KTrFU&N,alexis98@example.net,22-08-2020 09:46
498,Jennifer Jacobson,@4Dd3Sx),irodgers@example.org,09-06-2021 05:25
499,Jenna Collins,H8kd8lTa(UfX,cbeck@example.com,24-01-2022 16:50
500,Patricia Leach,U3F_*KXet&HKA&,whitneythomas@example.com,05-04-2023 06:52
501,Christina Rush,_J$jPsUu(5Y,jeffreyparker@example.org,29-01-2020 03:17
502,Jason Contreras,$WA9Qq,fking@example.net,27-03-2023 08:20
503,Amy Martinez,yJ@9W5Oh,zimmermankristina@example.com,23-01-2022 16:09
504,Andrea Lee,#X7Bkg@@Th,pamelalawrence@example.com,22-04-2021 22:10
505,Anna May,etD(VGt8LP%1,leebrenda@example.org,20-08-2021 09:01
506,Marissa White,RyJXKOt__W5d3J,amanda35@example.com,29-12-2021 11:29
507,John Vaughan,$9HPgw,nelsonhector@example.com,02-12-2022 03:38
508,Drew Garcia,B!2R(YiD,tracey31@example.net,18-02-2023 03:06
509,Christopher Owens,@+QOF*yk)4,adam35@example.com,17-01-2023 13:59
510,Debra Lowery,4^^7A(a,jessicamartinez@example.org,02-07-2022 19:38
511,Debbie Collins,6JA^&i_y#yAqH,andrewweber@example.org,21-11-2020 08:50
512,John Pena,v9Uw7H4l@5dosO,melissajones@example.org,13-11-2021 13:39
513,Dr. Heidi Montgomery DDS,7(J2Pq,nelsonmark@example.net,07-11-2020 23:05
514,Charles Neal,_48SXc,sandovaljon@example.net,24-10-2020 21:07
515,Alexander Cruz,l%s2ZZo,smithamber@example.net,20-05-2022 06:36
516,Christina Jones,0FVnFVDW*,esimpson@example.net,05-03-2022 06:21
517,Martin Gonzalez,P9EKd#xx)eAW,jenniferclark@example.org,05-10-2022 19:00
518,Colleen Wood,G$3@XMm1,morganbush@example.net,26-02-2021 20:29
519,Laura Moore,zju67gf3^6+fN,jonathanpittman@example.org,25-01-2023 12:52
520,Corey Giles,J8u0CT(i^4,miranda38@example.com,29-07-2022 21:26
521,Theodore Norris,)06HHt5,woodjustin@example.org,21-07-2022 09:35
522,Kenneth Castro,p5cByHt6$gtsu,bowmanrobert@example.com,12-08-2021 10:31
523,Kevin Silva,$^8Z!zN*rk6noM,terri55@example.net,23-02-2021 22:08
524,Carrie Reynolds,!NUurbgUk$44D,clynch@example.org,18-05-2022 07:03
525,William Holmes,+)6PBqfx8O,timothyward@example.org,30-10-2021 15:39
526,Kristina Page,8%0NVv,sscott@example.org,27-03-2023 19:35
527,Mason Hall,k7+r8tAx)wK,luis96@example.net,04-09-2021 08:27
528,Kevin Byrd,C%7J3BeN&,andrewshannah@example.org,02-11-2020 03:46
529,Sandra Vasquez,vm8BRNbR%8m,bullockkenneth@example.org,10-03-2020 01:02
530,Justin Campbell,@&CL0Zu,bob02@example.com,22-04-2023 22:18
531,Danielle Martinez,(#8PQa,allen83@example.org,19-01-2021 22:18
532,Ms. Christie Strong,^Fk2RgS,matthew28@example.net,10-06-2020 04:15
533,Drew Hawkins,6+Zm9(ZW^n4,howardjulie@example.net,05-06-2020 22:12
534,Terri Garcia,w@(5I+nncpcxPZ,judith04@example.com,16-04-2022 21:22
535,Donna Dickson,%^%6fbGd,dwright@example.com,25-03-2020 19:42
536,Victor Murray,2g+sk5VHW0L2OW,amy35@example.net,25-01-2021 14:55
537,Kelly Dalton,^!9)LMYl+mIk,mburton@example.com,29-10-2022 13:55
538,Jonathan Massey,Yf+02@Ca,maria77@example.net,01-09-2020 09:19
539,Tammy Vargas,h(b01JdD,catherinepena@example.org,16-05-2023 19:30
540,Victor Pitts,&3ZR*SnmgjPT,uking@example.net,02-06-2022 10:35
541,Manuel Taylor,n@0PI7o,thomaspam@example.com,12-09-2020 00:36
542,Stephen Willis,*7*(Ec,hhenderson@example.com,29-07-2020 17:35
543,Jennifer Crawford,hd#5Erk+#l2HI,cooperkimberly@example.com,29-07-2021 10:33
544,Cassie Jones,G&BXrmVy!9MMR,ianrichards@example.org,16-07-2022 09:21
545,Mia Diaz,GHR(%aDncl&9Fi,hadams@example.net,31-12-2020 10:10
546,Sarah Cardenas,gzZ+9Tyx8,ecastillo@example.org,14-04-2022 08:52
547,Dr. Melanie Alvarado MD,#M9G*aa5,shannonmcmillan@example.net,11-04-2023 19:31
548,Jason Lee,K)5HlmR,michele25@example.com,09-12-2021 16:20
549,Samuel Zimmerman,%SLeJ#vI_3,dshaffer@example.org,26-12-2020 15:39
550,Aaron Mercado,C#Rr7EEgXzyNxM,dana48@example.org,29-11-2022 06:57
551,Traci Olsen,*6gMa#,jonathan82@example.org,12-09-2020 10:20
552,James Pierce,balPRtkN!@l44n,lisa53@example.net,03-12-2022 17:40
553,Duane Maddox,%7ty#q(BgO4Vg,jason42@example.net,25-04-2022 08:31
554,Danielle Merritt,&KBYIs%CxY1nsH,rileygrant@example.org,22-10-2020 21:28
555,Jordan Smith,G*JAG7fE+Y2(W,dking@example.com,09-12-2021 20:50
556,Daniel Butler,vf@5SoK@,michelle55@example.net,30-06-2022 20:35
557,Kelly Calhoun,Dh$@#Uuxjb&7B9,sharonmorgan@example.org,07-03-2020 21:33
558,Joshua Jones,ymGCz^se@Tv6,kimberly65@example.net,02-02-2023 17:44
559,Jessica Ruiz,y(ixh8Llq%J,richardsmith@example.com,18-10-2021 21:32
560,Melissa Powell,n)3J_^n_l,tammy73@example.com,14-06-2022 20:52
561,Darryl Bullock,w4IIuKqh+@,cturner@example.net,24-11-2020 04:41
562,Heather Hickman,ekyG36Dj+#,andrea66@example.org,29-10-2021 19:26
563,Frank Murray,jJ2!D5gF3#wUu0,rdunn@example.org,20-11-2020 06:48
564,Sandra Randall,OMc8K5Jw@03,danielle04@example.org,10-11-2021 21:30
565,Alex Thomas,+5J7^E!w,bonniemcdowell@example.net,27-05-2020 00:05
566,Julie Wagner,@XV$FUXkp6%,john74@example.net,04-05-2021 12:17
567,Mrs. Carrie Benson,*z5ch*Sm%Y,josephflowers@example.org,13-07-2022 18:02
568,Kristin Rodriguez,v4ZklmFw%,hebertamanda@example.net,20-09-2020 13:54
569,Yvonne Barnett,@$Z4Av,brianafernandez@example.com,05-03-2020 14:53
570,Brian Baxter,*ozFpvsztMs6,chandleraaron@example.net,25-10-2021 18:19
571,Robert Chapman,)2M^TLi0,brandy65@example.net,02-09-2020 09:09
572,Denise Henderson,o$x2zEzi,huberjohn@example.com,10-06-2021 00:29
573,David Hill,7*0JEqt,walkerlaurie@example.net,09-01-2020 10:01
574,Aaron Gray,P5r3Gr@Y*f(fsb,wmckenzie@example.org,22-01-2021 13:01
575,William Adams,g#8Pe6,benjamin20@example.com,15-07-2021 10:50
576,Paul Pierce,^7zR!hPx,mossalexander@example.org,26-05-2022 17:46
577,Emma Ward,k*XHoyR!Az7,nwade@example.org,05-08-2021 20:14
578,Carrie Lawson,^EPsK*Lwo5,msanchez@example.com,15-12-2020 07:01
579,Madison Andrews,$yWc7JTdd,amy71@example.net,09-07-2020 13:09
580,Kelly Jimenez,hR%9JW0s,salazartaylor@example.net,29-08-2020 23:38
581,Maria Jordan MD,Ur0y+xHB*hzXT,qnash@example.com,28-03-2022 15:32
582,April Marshall,^DnIxibQX%0h,aevans@example.com,19-10-2021 07:36
583,Kendra Nelson,ZZ(CJmbcka1++,clittle@example.com,08-11-2022 21:00
584,Mitchell Cooper,__8QCxamK%00R7,hendricksmary@example.net,12-10-2020 14:15
585,Heather Medina,#j8kXs,chasesamuel@example.com,01-02-2021 00:35
586,Stephanie Mejia,mj%%7vi*0Y+4Y,markwise@example.com,28-02-2021 14:37
587,Joe Gonzalez,!Gd1Hp,kristensullivan@example.org,27-04-2023 15:49
588,Raymond Jenkins,_Po6Ta,andrewssamuel@example.org,04-05-2021 17:57
589,David Dunn,Ox^^0TWlng1,xmclaughlin@example.com,03-05-2020 09:09
590,Alyssa Bass,f03wg*L9*b*Wu,asandoval@example.net,10-04-2021 23:10
591,Rachel Wilkinson,c$i8WcoP+bcZ,michelemalone@example.com,30-01-2022 11:37
592,Tyler Johnston,&6Tb(C,reyesmadison@example.net,22-08-2020 12:14
593,Tyler Williamson,0jTeb6Y_)q7,oramos@example.net,18-03-2023 03:24
594,David Ward,kj(*SP(zuQ326,tammyharris@example.com,04-11-2022 20:15
595,Max Jones,%$#UldYVHI4v,emily94@example.net,26-10-2022 11:06
596,Melissa Irwin,Sl73ZEr0_,andersoncolin@example.net,06-04-2021 23:34
597,Timothy Wright,0(1Er1,marshjessica@example.org,10-02-2020 02:49
598,Meredith Powers,$l8lL(0s6(k,vegamichael@example.net,21-08-2020 01:39
599,Amy Henry,r&6Qoh,rhonda93@example.net,28-02-2022 13:08
600,Kathryn Robles,%X8g5OZpBS,tara64@example.org,06-04-2022 20:48
601,Dr. Miranda Lawson DVM,4GWtJZe8$k1,hurstjason@example.net,14-03-2021 04:58
602,Timothy Nielsen,!1$p3Qkb44KI4,vbryant@example.com,26-01-2022 10:08
603,Mary Green,hY(J3H6r),kimberlybrown@example.net,05-06-2020 10:33
604,Felicia Blake,(PS7Wz,pettypaul@example.org,10-01-2020 07:51
605,Miss Jessica Rodriguez PhD,L9H+nwKzNm82X@,hollygreen@example.net,01-06-2020 05:28
606,Tyler Wright,_j$JYsJxBM8e,roydavid@example.org,03-02-2022 10:56
607,Justin Reyes,u99IgGfY&Vrp,david44@example.com,24-06-2022 02:46
608,Christopher Walker,#%7V(o,matthew01@example.com,21-04-2021 20:41
609,Emma Adams,P#77H1i(*T,omiller@example.org,07-05-2021 18:10
610,Tommy Gray,!U!1Olz,cfleming@example.com,22-08-2020 08:25
611,Mary Garcia,z@(9NGi,christopher40@example.net,11-03-2021 23:58
612,Jenna Riley,(y0nEr,wperkins@example.org,02-08-2020 18:42
613,Rhonda Walker,(s57Gfkzl(ha,ibailey@example.com,25-12-2022 08:35
614,Brian Ford,bDUOS)1b^t437,ethanglenn@example.net,04-09-2020 14:54
615,William Shaw,(3XE4*lzM,roberto35@example.net,16-07-2022 02:19
616,Mr. Curtis Harrison,q^9QdalP&AIwK,douglas75@example.net,14-07-2020 22:46
617,Michelle Stein,%FZI%sBB+4FohE,cookronald@example.net,26-02-2020 21:52
618,Todd Beard,^6KkdR,scott98@example.net,09-05-2023 01:45
619,Bethany Douglas,V31$Gwzcy&,freemanmichelle@example.com,10-09-2020 05:39
620,Lisa Johnson,0CNOE6mT)IRyDn,dmccann@example.com,29-10-2021 08:02
621,Sheila Collins,Q#7puMkh),jonesmichele@example.com,05-12-2022 14:16
622,Mr. Jeremy Freeman MD,Dj3lAJ9l%$s1,flang@example.org,14-07-2022 10:48
623,Trevor Price,L%6LMsqg^e,tommy00@example.net,15-12-2022 21:23
624,Craig Colon,3(3DQg%$arQ,mistygomez@example.com,13-01-2021 18:05
625,Jennifer Smith,&2Nd4E,wlane@example.net,05-02-2022 21:48
626,Wesley Shelton,nB3OBMw((o2GZe,shieldsheather@example.com,28-09-2022 07:59
627,Michael Nguyen,_Y0^CJx,kennethbrennan@example.org,08-07-2020 13:42
628,Craig Sanders,pdg88QIy+vL&0w,rwu@example.org,31-03-2020 13:26
629,Christopher Higgins,&(7TDdh,angelica03@example.com,26-10-2022 11:04
630,Sara Black,w3XNlY!b&C,brookscarlos@example.org,05-06-2020 20:55
631,Brent Griffin,820S62QC&ni4wn,rivasdominique@example.com,02-01-2023 03:52
632,Roy Walker,I+A^%HdoVEQ8!,evelyn50@example.com,15-11-2020 16:48
633,Melissa Newton,oE*5LIhDV*QB,christopherblackburn@example.net,29-06-2020 08:13
634,David Doyle,v+3UNNyr6JR,rebeccaallen@example.com,05-04-2023 17:22
635,David Mitchell Jr.,$6NnWxj,fgill@example.net,02-06-2020 23:36
636,Amy Clements,)(Vu^C#qJo7b,veronicahill@example.com,21-02-2020 21:12
637,Lisa Elliott,$2t2+SGfb,kschneider@example.com,03-09-2022 06:33
638,Sean Weeks,_$%U#vWny%7Fqd,fowlercheryl@example.com,04-01-2020 01:51
639,Laura Eaton,Z84IMKt#T%,leonkelly@example.net,12-11-2021 09:12
640,Justin Martinez,&fPW2hLs,huffluis@example.com,22-01-2020 09:27
641,Sean Moore,$5QJ8QBemVA&a,rsharp@example.org,08-06-2020 14:54
642,Tammy Pierce,D2lM(Sf0$Mf,dkent@example.org,04-09-2020 18:17
643,Samantha Andrews,11IrcJT3(,wlopez@example.net,25-01-2021 18:30
644,Brian Owen,mqL1ND8v#(a,davidperry@example.com,17-01-2023 00:07
645,Mr. Caleb Shepard,Z8YRQ&N)i3U%q3,lindsay32@example.net,03-07-2021 20:06
646,Tamara Beck,bi9B&d%7D),rschneider@example.org,01-04-2021 20:26
647,Danielle Adams,*M+3I4g,steven72@example.net,24-10-2020 09:37
648,Heather Hicks,p%0P_9rb^vT9jL,jeffery33@example.org,18-02-2021 07:00
649,Laura Lozano,(%VPFpVkDE29,scott73@example.net,26-06-2021 13:05
650,Tammy Mathews,rA9+C6qhug^,whayes@example.com,07-06-2021 03:24
651,Yolanda Vaughn,ah4DTy8jg+x,joshua51@example.org,09-03-2023 22:38
652,Kimberly Hernandez,$1HBXaGRg@WtbC,gcarter@example.org,23-07-2021 16:25
653,Jessica Moore,)+XnamUuWHY4,kelly08@example.net,13-01-2021 05:02
654,Catherine Myers,PG(63EIu2,kathypalmer@example.org,25-02-2023 02:25
655,David Brown,!6NGHMe7rv,anthonyhopkins@example.org,10-01-2020 04:54
656,Ebony House,+4Z#qVsp,leslie13@example.com,17-10-2020 18:49
657,Jessica Bryan,hLCfbH+E)5*!,crystal31@example.org,07-07-2020 11:12
658,Jordan Schultz,^2B1tFxmBOxM^,davidallen@example.net,25-01-2022 22:31
659,Krista Kelly,@p0RB3Js+,ericjoyce@example.com,04-12-2020 12:33
660,Kelly Brown,$cFaItoR8S0li,smays@example.org,14-11-2021 18:53
661,Dawn Parker,LqWlSpF8P1%gd8,heather50@example.com,21-06-2021 05:00
662,Jodi Hodge,!_*j2Jk,martinjames@example.org,19-03-2023 10:42
663,Rhonda Poole,^VTUJ)bv5w,stevensrichard@example.net,20-10-2021 16:14
664,Nicole Warren,@CjbQBZa9B,stephanieriddle@example.org,31-07-2022 04:19
665,Blake Carson,Fxo23Gr_##*%BW,fwilliams@example.net,01-12-2022 22:47
666,Eric Mooney,2+J7rWcjj+$,sullivanjames@example.net,17-02-2020 20:41
667,Jeffrey Wilkinson,!0i(BWe,rachel70@example.com,21-02-2022 09:54
668,Margaret Fisher,74*7JjP,louisrodriguez@example.com,17-09-2020 20:17
669,Frank Payne,x+@9k*htbMrAZZ,william32@example.net,13-12-2021 05:14
670,Loretta Brown,$4Skjg,jacobsonjared@example.com,19-09-2020 14:35
671,Lisa Bennett,+e3b9Q8l^,alexandriaperez@example.org,18-08-2020 11:59
672,Suzanne Johnson,^4AQWtxaBn,amanda18@example.org,19-04-2020 05:30
673,Chris Sims,I5*1Si,jmeyers@example.org,24-07-2020 03:49
674,Robert Schneider,!&v6UXA1p&BOvZ,stevenwalker@example.com,02-03-2020 16:50
675,Rachel Smith,&L%9IGsd!,petersonwilliam@example.org,22-01-2022 01:56
676,Edward Thompson,(Z01Nw2,susanvillegas@example.org,28-09-2021 10:04
677,April Henderson,Xqg6goSz@7H7,jacksonsusan@example.com,25-10-2021 15:20
678,Sandra Carter,%4S0f9hKE7tp,christopher66@example.org,05-09-2020 22:25
679,James Green,K*@3+0Cg2ZUiNZ,mitchellcourtney@example.com,31-03-2022 23:16
680,Kevin Harris,)T9tOq_5p)*xOe,melissameyers@example.net,30-06-2022 23:25
681,Jennifer Carlson,+_2IHA(#WppvlP,jerry45@example.org,12-03-2022 00:29
682,Allison Golden,@k3ASZSh,david89@example.com,08-11-2021 15:01
683,Todd Conley,DE7iig)w#(Gmn,dwelch@example.com,17-09-2021 15:06
684,Stephanie Kim,5c4hLZKtG%LYh,michaelcampbell@example.org,19-04-2023 02:13
685,Tanya Carroll,CpZ31E^ZE)az,elizabethnorman@example.com,10-01-2023 16:30
686,Jamie Woodard,#_RD)kty45CC,ericaalvarado@example.org,26-01-2021 15:23
687,Michaela Lee,O_8KsV$,hweber@example.net,05-02-2022 00:13
688,Gary Patel,coXQ8Xpg0$c2,escobarrachel@example.org,21-10-2022 18:11
689,Kathleen Walton,4+7XhE3j#,powersjennifer@example.net,17-10-2020 13:46
690,Holly Dickerson MD,^0DAcs,jasminewest@example.net,11-11-2022 19:31
691,David Taylor,U@0PSpw,uwhite@example.com,31-01-2022 08:13
692,Cynthia Lawrence DVM,op^)1TTcY(,evelynpetersen@example.net,25-10-2022 17:29
693,Julian Lopez,flJf02SZe%)bO,joymoore@example.net,25-04-2023 08:29
694,Andrew Patterson,b^5(^y89cpBLL,scott55@example.org,07-08-2021 20:23
695,Andre Garcia,y2BoxADw+3%,billy16@example.org,19-01-2022 06:01
696,April Juarez,!4Wh!y,claudia05@example.org,19-03-2020 06:49
697,Kristina Young,&N9z6Qv,mallen@example.com,29-05-2022 01:18
698,Manuel Mathis,k*I6YVk@AA%Gs,zwashington@example.com,19-02-2021 07:57
699,Lisa Brown,k4Zz(Tt*)3H(FZ,bryanho@example.net,03-12-2021 23:06
700,Kyle Clark,Wm$3HMYa_bh,sara97@example.net,27-10-2021 08:03
701,Justin Christensen,*c0p3dZa9k2B,parkeralexis@example.net,11-08-2022 16:11
702,Rebecca Johnson,#5KkK$!,kimberlyknapp@example.org,20-08-2021 21:27
703,Daniel Johnson,z)MD!7Up,sreese@example.com,02-11-2021 22:33
704,Karen Weaver,$3AmdtB*,mcdonaldanna@example.net,21-10-2021 03:35
705,Christopher Smith,(4B+kr,fgeorge@example.net,06-02-2023 10:16
706,John Hammond,o3BKvcq7(2,gabriellecontreras@example.com,11-04-2020 05:13
707,Danny Allen,^$4U3y,beasleytaylor@example.org,15-03-2020 06:23
708,Michael Floyd,x0lKp1pd+FE,michelle00@example.com,25-07-2021 11:03
709,Mark Murphy,*j)0hTCtb(2,campbellvalerie@example.com,08-09-2022 05:45
710,Nicholas Hernandez,w8S_D&jy*SB8$!,robertramos@example.net,30-01-2023 18:19
711,Vincent Grant,9#3IVt,johnsonjoshua@example.org,10-06-2021 21:47
712,Justin Perry,@19CUb,kellibrown@example.com,01-10-2020 17:00
713,Thomas Hardy,^M0(TisFp@,nrobinson@example.com,23-08-2022 06:07
714,Mario Gonzalez,K_4jMg$,josephyoung@example.org,29-06-2022 05:18
715,Jeanette Alvarez,B7AJmKM0%,jennifer69@example.net,05-03-2021 11:45
716,Jesse Kirk,^_si4Bp,greentoni@example.net,31-01-2021 00:18
717,Brooke Clark,_516RGFc,fjensen@example.com,06-08-2020 16:36
718,Kimberly Murphy,@l6Ekj,pughashley@example.com,14-11-2021 06:01
719,Kelly Bowman,@90aXi,julia93@example.com,10-09-2020 05:25
720,Kristin Rodriguez,s1CVlmGNtv@^k,jamiepennington@example.net,31-12-2021 22:50
721,Joanne Conrad,KOq1N&KyL^,alexismcbride@example.org,27-04-2021 03:24
722,Caleb Gray,+qAl0PBnRG@,ymoore@example.com,20-04-2020 17:26
723,Danielle Alexander,$5Ona+T,jessicajohnson@example.com,04-09-2021 00:19
724,Kristi Washington,vIvHKy@@^1StR!,christina10@example.org,30-04-2021 21:14
725,Stephen Friedman,!0JtAk,lguerrero@example.org,03-06-2020 10:31
726,Ashley Boyd,DOZ+7GkeFw_,theresa57@example.com,14-01-2022 22:09
727,Victoria Fuentes,t(zv96Exjf,alvareznathan@example.net,20-03-2022 20:39
728,Joshua Webb,#@i1TxE,ctucker@example.com,10-10-2022 16:58
729,Stephen Owen,(N7Mwef,millerteresa@example.org,24-01-2020 17:40
730,Danny Baldwin Jr.,4gKE3A!d^,kaylapierce@example.net,21-10-2020 23:12
731,Samantha Hunt,tK(m4T%e(4oC,brittanygilmore@example.org,28-10-2020 00:52
732,Cynthia Kelly,RHz_1Ju,hdominguez@example.org,20-09-2022 20:59
733,Joyce Ellison,Xr*h3N6t1n,amy46@example.com,14-06-2020 14:34
734,Scott Juarez,(+8TOqJA$,jacob27@example.com,24-01-2020 01:41
735,Darren Lopez,)f9CdZEV,kathrynblack@example.com,08-02-2023 23:07
736,Alejandro Hardy,s&qO6Yr,monica16@example.org,30-07-2020 21:05
737,Scott Martinez,Z*0EjP,zlewis@example.org,25-01-2022 19:25
738,Crystal Kim,f$C7JIGtjJLzo,marklane@example.org,09-12-2020 07:54
739,Mark Solomon,4@07IGYvBnVeE,clarktony@example.com,20-05-2021 19:06
740,Barbara Campbell,5@+I5Kd,maryhill@example.com,25-06-2021 04:14
741,Jodi Rivera,hXJ+2Io,juancarter@example.net,26-05-2020 03:59
742,Brenda Jackson,&5@GL$Yn,donna40@example.com,06-09-2022 17:59
743,Kimberly Jackson,)sg4vDop^,hernandezamanda@example.org,21-03-2020 03:42
744,Philip Simmons Jr.,&1d$&buoboS,ksolomon@example.com,23-02-2022 09:37
745,Timothy Gill,^#0AKq,jason90@example.net,19-08-2022 12:28
746,Dr. Mathew Russell DVM,4@0Gvi,perkinsjulie@example.com,28-09-2021 11:16
747,Darrell Foley,)1UA6a,josephwilliams@example.org,04-05-2020 14:09
748,Michelle Vazquez,)GF58Nq3,stephanie64@example.com,11-05-2021 20:56
749,Lauren Rich,fq_a8Acj,dcampos@example.org,14-03-2020 00:38
750,Kristina Brown,%9IZ6SkboV92,gjimenez@example.net,15-05-2022 11:04
751,Taylor Lambert,=+n5F8Ne9,michael23@example.net,14-06-2021 17:24
752,Joshua Burnett,JY7qdoMe^_,staceyturner@example.net,28-07-2021 07:06
753,Amy Trujillo,@^1Bo3_Gr,amywolfe@example.net,25-06-2020 04:41
754,Jacqueline Beltran,^9mYM$OgLr)JUp,qbrewer@example.org,07-12-2020 14:18
755,Phillip Klein,qU!2D5Kx,willie41@example.net,01-05-2021 01:01
756,Sara Bryant,u)Q3xJIvtH,mccormickregina@example.net,19-08-2020 03:12
757,Candice Kramer,#M@0Bxt2,gclements@example.net,26-02-2020 18:32
758,Kelsey Collins,_Mf2SrGxi91,rachelkelly@example.com,31-05-2021 19:54
759,Kenneth Stokes,5G&FtxHj),clayton04@example.com,24-06-2020 17:13
760,Brooke Williams,B8dJJmcr&,nguyenrachel@example.net,13-03-2020 12:19
761,Ariana Cross,@6WZeu,rhondasilva@example.org,11-08-2022 00:27
762,Monique Contreras,8$6yWk_Ussz^Y,cortezsusan@example.com,05-12-2020 04:16
763,Karen Castaneda,+3G1Es,piercetina@example.org,28-06-2021 21:00
764,Philip Macias,68*e+w7j*8oD,kara93@example.org,31-07-2021 12:52
765,Howard Mcknight,^2GX^n8,kelly07@example.org,13-07-2020 08:12
766,Brent Berg,2#tA0gjz),william97@example.net,08-02-2022 15:28
767,Michael Wright,_Y5rqvQRK*R,charles60@example.org,24-09-2021 14:27
768,Amanda Davis MD,&b42tZe,mendezandrea@example.com,19-08-2020 02:41
769,Alicia Hanson,zpX3_TuH)@U5RA,theresabrown@example.net,05-02-2020 16:31
770,Jeremy Hobbs,)!4M5*W6ydPD#,trichardson@example.com,07-09-2021 04:55
771,Stephanie Douglas,x52kQHri#^,maurice95@example.net,29-06-2022 15:05
772,James Allison,3@k1kwbc_3L,hovalerie@example.org,30-09-2021 00:24
773,Suzanne Williams,(9mJ)u$+82AS,xsawyer@example.org,24-05-2022 07:53
774,Joseph Lawrence,yOPA17Lxb!E,kevinmcdaniel@example.com,01-04-2023 22:53
775,Brian Sellers,CLn*FhiJe2ABw,ofarley@example.net,05-11-2020 22:20
776,Bradley Doyle,dNI(fh*c)4BA2,sarah39@example.net,17-01-2022 16:21
777,Dr. Shawn Marshall,vU44Rod#&lXQ,paula85@example.org,28-04-2020 22:32
778,Edward Chen,R*0#dlmW&012R,brandy83@example.com,25-03-2022 22:08
779,Kayla Lee,_8u2Ub,mcdanielkatrina@example.com,02-10-2021 18:31
780,Connie Morales,Ah7Msqg7@d,timothy73@example.net,11-12-2021 07:08
781,Mr. James Garcia,bA!3wrKl,kennethhaynes@example.com,12-09-2020 12:53
782,Dr. Kendra Johnson,a*L2Fhxh,millerjeremy@example.com,14-08-2020 14:16
783,James Williams,C$3q3Ib,tanyamoss@example.com,11-01-2021 02:42
784,Kimberly Blanchard,$0M2$bZ,carolynbarnes@example.net,22-03-2022 09:28
785,David Sosa,mpM4yWizELX_,stevenroberts@example.com,17-07-2021 08:47
786,Ebony Phillips,!$E6Cc6C&,mkrueger@example.com,08-05-2022 15:59
787,Justin Richardson,q#6zHX_H(kK1,crystal08@example.net,18-02-2023 14:38
788,Meghan Gutierrez,x)8Nl+Wo3,chelsea54@example.com,03-05-2022 06:51
789,Michael Vance,j@5Y7dZp,pvalentine@example.net,01-12-2021 23:09
790,Anthony Ellis,_X^0W%qm,carolpittman@example.com,09-03-2021 23:49
791,Adrian Young,(@2Zqj0gV@,ybrown@example.com,01-06-2022 00:12
792,Dr. James Garrett,%Rcl50Nle2Bra,williamsgabriel@example.net,04-10-2022 05:11
793,Jennifer Hayes,^31Erv0ffIJ,donnabailey@example.net,16-06-2022 21:53
794,Christopher Rogers,_@EAJQSo#201ON,iwelch@example.org,19-05-2020 12:01
795,George Hunter,m(0&zZGy,sgardner@example.com,23-05-2020 01:02
796,Courtney Rogers,_G8Z68zB6(H,ibowman@example.com,17-01-2021 23:24
797,Erica Barnes,j97DqXm)_RQI,joshua13@example.org,09-06-2022 09:25
798,Kelly Hampton,%3Z5Xj,pwatson@example.com,06-05-2021 21:57
799,Walter Turner,@3RTrRp,samantha88@example.org,17-05-2021 20:02
800,Catherine Rogers,MN_%1Hf*,dray@example.com,05-03-2021 09:30
801,Katrina Robinson,^s2E3h,kenneth53@example.org,23-03-2020 06:58
802,Nicholas Harris,an^8GqsA_f*!Cr,proctorshannon@example.org,10-01-2020 14:29
803,Wendy Johnson,=+g5J+vj,sthomas@example.net,28-03-2020 12:35
804,Carl Bonilla,)8WZww!,cruztyler@example.net,19-03-2022 12:20
805,Richard Miranda,t!f+)KQd%95,janetshepherd@example.com,01-02-2021 14:30
806,Amanda Harris,&t6Qbd$Vq,heidimcdaniel@example.com,31-12-2022 18:56
807,Anthony Weiss,^4zZMoyTy,clarkbridget@example.org,26-09-2020 05:32
808,Jordan Rich,&p+FmM1uq8,bakerchelsea@example.net,14-05-2020 01:36
809,Samuel Hobbs,_3+_&tRZmxo1Gh,stephanie99@example.org,28-03-2022 04:30
810,Jean Nguyen,!hywicUq!0$h,fking@example.com,17-06-2020 23:51
811,Daniel Fisher,)3)rH#W@xe#hCk,barry33@example.com,30-11-2020 11:43
812,Samantha Lewis,mi7Lja0d&p,morrowmallory@example.net,21-01-2023 12:15
813,Mandy Warren,KF4FziZkP_Ca,emilyjackson@example.net,23-12-2020 14:54
814,Brian Howell,V9EoKtdg$,terry67@example.net,22-02-2023 07:57
815,Julie Stewart,dr6LTXmuMoY(,ashley61@example.com,29-11-2020 21:51
816,William Wallace,+^(7HVm73j4K,wallen@example.net,18-11-2021 10:00
817,Mrs. Michelle Diaz PhD,4!+1Ou%S%,jessicabrown@example.com,01-03-2021 09:30
818,Alvin Johnson,)9HBo+n!BkPo,garrettmaria@example.org,23-05-2020 20:08
819,Sierra Boyer,$(6ESFa,nicole69@example.net,26-09-2021 02:22
820,Jason Potter,$iQ)EkP(2Aah,brianmyers@example.org,14-05-2022 20:46
821,Danny Mullins,^)5XQqAa,tammymartinez@example.net,22-12-2021 19:50
822,Kimberly Rodriguez,K0Pe&DPy#7,brandyvasquez@example.org,20-10-2020 02:47
823,Amanda Gill,HZ1Almfa^T,stephen73@example.net,12-10-2022 23:36
824,Yesenia Carpenter,zeH_Cror!V+3Dt,melissa32@example.net,06-08-2021 08:01
825,Stacy Kelly,&)U3Po,gonzalezsandra@example.org,09-06-2021 03:33
826,Donna Fischer,&462Zg,forbesjason@example.com,26-11-2022 11:38
827,Amber Miller,rszVcNzn$d5&V_,alexandria50@example.com,24-04-2020 17:49
828,Keith Nguyen,rj75YejV$hOX6u,devinwilliams@example.net,09-05-2021 04:11
829,Lauren Salinas,U^7FE5srlE),bowmankevin@example.org,07-04-2022 22:06
830,Keith Paul,(_P84FgC,amandafigueroa@example.com,06-06-2021 06:26
831,Denise Patel,%b&fjM*h^5Oy,makayla09@example.org,22-02-2021 04:04
832,Jessica Goodwin,c#H1Ib,ksilva@example.net,18-07-2021 21:03
833,Darlene Miller,@RuUW2@pGi0tX,summer60@example.com,29-11-2021 16:06
834,Robyn Bowers,po5&yHJMA@c,dominiccardenas@example.org,16-07-2020 07:22
835,Ryan Blackburn,C)79Jr0,bcruz@example.org,01-02-2020 18:12
836,Joy Ellis,ia79QR+*%)9,uhenry@example.com,23-12-2021 02:34
837,Matthew King,@Vt2THx,reeseheather@example.net,27-03-2020 09:12
838,Cynthia Moore,%XTtE8Cv6uDpv,lkerr@example.net,20-02-2022 11:14
839,Max Norman,*g3Xd6,johnsonrichard@example.net,08-03-2020 02:40
840,Diane Johnston,*)ExmR3sM5C3b,robertsamanda@example.net,25-08-2022 02:06
841,Thomas Gilbert,Q&9SsH,lisasmith@example.net,10-08-2022 08:59
842,Gregory Bradley,Rw(DS3Dph$y1o,marissaburgess@example.org,06-07-2020 11:50
843,Katherine Schneider,%6)DEcaEqbNN,cwhite@example.org,06-05-2023 23:29
844,Jessica Brown,+7UXHJbM5uZi4j,geraldmcneil@example.com,22-02-2022 18:32
845,Paul Nelson,awZ%i4kZgA3,mannchristopher@example.com,07-01-2021 02:00
846,Adrian Brown,@7Rk@aeak5L,nathan22@example.org,27-02-2023 14:39
847,Jacqueline Dean,iOo2+Ycux+%jYm,alyssafox@example.com,21-12-2021 17:12
848,Kelly Reyes,#5LkIl1PWd,cindy71@example.net,03-04-2022 08:08
849,Megan Scott,)5RY3fLYZ,zjackson@example.com,08-03-2023 00:10
850,Deborah Carlson,*z5q4Un,maureenpayne@example.com,30-07-2020 23:24
851,Donna Burns,F*%4XCCu,davidramos@example.org,11-08-2022 19:37
852,Olivia Barry,#!6m4x+r5WWLJ,laura56@example.org,15-02-2023 14:43
853,Belinda White,!1NWXzb,kathleenowens@example.org,20-04-2023 19:22
854,Julie Douglas,)9Aa&4r,zhuerta@example.net,18-05-2021 05:17
855,Deborah Cobb,88Q!zVXo(D,maxwell52@example.com,14-07-2021 10:28
856,Jason Hudson,koNBahpF&GD3C,lambertjonathan@example.org,07-04-2023 19:16
857,Eric Gilbert,8@^85@Fds,kimwilcox@example.org,21-04-2023 22:18
858,Karen Ashley,U#75NanC,figueroadenise@example.org,20-01-2020 02:05
859,Robert Waters,(#G1xE2rNUIYh7,kimberly19@example.com,23-03-2023 05:29
860,Michelle Harper,@L3McEWzGx(,walkerstephanie@example.org,30-07-2022 02:34
861,Matthew Norman,p&w8*UlN4lf,johnstonjose@example.com,21-02-2021 05:24
862,George Anderson,@+$IR&dSsVR5$,brownkristen@example.org,15-02-2020 21:54
863,Valerie Ortiz,2O42U1eRh^ZeCx,lewisjustin@example.net,09-12-2020 13:32
864,Misty Spencer,nPD36&GvKBDiqB,schneidermartha@example.net,12-09-2020 22:32
865,Matthew Norton,j3Xjtvez!Gr*R,oliviapark@example.net,22-11-2020 23:09
866,Katherine Pennington,%&%Zl&flxd7!K,anthonycoleman@example.org,08-02-2021 16:32
867,Chris Johnson,2(f34qkk8M,jesse94@example.org,21-04-2022 05:21
868,Melissa Mckay,K+VKeUghA*2,barrettrachel@example.org,28-10-2022 19:10
869,Olivia Davis,_&6@BjH_xEjolk,cortezapril@example.net,04-05-2021 17:20
870,Dean Romero,0TXNphpR#W4&,shannonsmith@example.net,19-10-2021 08:42
871,Anna Ward,*DzM7Ke,steven17@example.org,11-01-2022 20:38
872,Ronald Wright,#4vH3sm,mgonzales@example.net,28-12-2021 19:09
873,Michele Cole,$)c19Njd,stephensdavid@example.org,02-02-2020 21:12
874,Charles Mcdowell,6FI5!DHl$MOxW,tbradley@example.org,01-02-2023 16:43
875,Lauren Cooper,)wt8Lr,ronald13@example.com,02-06-2020 07:53
876,James Alvarez,%7Q5bP1,ryan45@example.org,17-05-2022 19:01
877,Cassandra Montgomery,kN8$2Lj,tony10@example.net,10-11-2021 21:42
878,Thomas Jones,#5jG!u,allisonholmes@example.net,08-10-2021 09:18
879,Lisa Wilkerson,8w7PRQ)j*,spencershawn@example.net,22-12-2020 15:35
880,Angela Kelly,wZ(4EhUG,dannyknapp@example.org,25-07-2020 01:23
881,Edward Harris,)44Qvz,cmayer@example.net,10-05-2020 11:19
882,Nicholas Wright,7*6LbPnJn(R,jeremyballard@example.com,25-07-2020 00:57
883,Margaret Meyer,yRaPQvS$8O_1Ys,sean91@example.org,17-07-2022 16:18
884,Dr. James Stephens,!0N)$ZSo@N*Mh,robynadams@example.org,17-07-2022 11:01
885,Heather Meadows,h(7SZj,michaelbrown@example.net,23-06-2021 20:07
886,Adam Cole,3&K9b%Gos,xramirez@example.com,01-05-2022 22:33
887,Jamie Johnston,ylc9zrDo@,richardsnow@example.org,19-05-2022 12:56
888,Jeffrey Maxwell,@2wJo&,lalexander@example.com,24-11-2020 06:07
889,Spencer Davis,^iJ#5jlrMr4RR0,hubbardapril@example.org,28-08-2022 19:53
890,Melissa Thomas,+6!USSi,summerseric@example.org,30-05-2020 15:27
891,Donald Burton,vUo1xY&c@,tina78@example.net,24-12-2020 17:02
892,Lisa Hall,f(4DfqI9_,jonesmitchell@example.com,14-09-2020 02:34
893,Abigail Gonzales,$oi5Cup#ef^7W,jamieberry@example.com,05-07-2022 10:02
894,Christopher Smith,v8znxp0l%D6M,samuelrichardson@example.com,04-02-2023 10:19
895,Derek Cantu,)J1Abenj#,kcarter@example.com,11-03-2022 12:27
896,Gina Smith,I0e8ZzqqxZ!L,christopherolson@example.com,07-10-2022 13:31
897,Elijah Kerr,S3v%3YBq,fmelton@example.com,26-02-2022 18:53
898,Jennifer Anderson,$0Px_95dqWUJW,mikedominguez@example.net,09-11-2020 17:40
899,Steven Nelson,2cN!ovBS$UU,mlopez@example.org,02-05-2021 11:54
900,John Lee,i*6UBy,tracybarnes@example.net,04-01-2021 20:03
901,Brittany Williams,=0+@jLq0bt,swebb@example.org,23-02-2022 03:22
902,John Peters,&u12SEbI,benjaminfrancis@example.org,29-05-2021 01:50
903,Heather Schneider,gg^KwLCQ)4%,michael90@example.com,27-07-2022 18:04
904,Phillip Gutierrez,$8Daq)M6,vhicks@example.com,25-04-2023 16:05
905,Samantha Lane,6(B+K7Pb8,michaelmartin@example.com,05-08-2021 22:02
906,Stephen Ellis,HR(J(hFj#1,raymondcharles@example.com,29-10-2021 06:14
907,Frank Young,F*2hXvs,joshua75@example.net,02-07-2022 07:53
908,Mr. Paul Douglas,y!ZN(dZd*7,josephtina@example.org,17-08-2022 21:38
909,Brad Rodriguez,3^16UHLcCUCBjX,williammcdonald@example.org,26-07-2021 17:08
910,Mrs. Mary Barajas,QHs&^1Tev,archernicole@example.com,01-05-2022 15:11
911,Marie Barnes,3YjN1Hps(AzTQ,friedmanmartha@example.org,12-07-2020 02:42
912,Douglas Moore,B@2$APbBCJ@N,dchavez@example.com,09-04-2023 03:13
913,Dylan Mitchell,he5OZZ14G@q,michaelrobinson@example.com,31-01-2020 05:05
914,Randy Meadows,YR%f5Fq%A7MP7,rfrazier@example.net,26-11-2022 00:06
915,Samantha Parker,9_3GQhyFN%,mark12@example.net,18-12-2022 16:25
916,Douglas Williams,$st*4Uy8&,duane87@example.org,03-11-2022 15:53
917,Mark Ward,^36WGd,gonzalezshari@example.com,27-02-2021 10:56
918,Lawrence Elliott,79V+1sZu@N8T_),levipalmer@example.net,16-06-2021 08:28
919,Michael Pope,(bu^iF3jGDwW7N,gpark@example.com,27-04-2020 10:17
920,Daniel Smith,q8SF5%nv^AA8,farmerscott@example.org,21-12-2021 10:20
921,Louis Thornton,wO*8PIWyN3,schmidtelizabeth@example.net,25-01-2020 10:03
922,Katherine Mejia,f47KMXKt%,amberball@example.com,18-12-2021 06:15
923,Daniel Garcia,&5KnT7Gt,bryantthomas@example.net,07-10-2020 14:10
924,Kathryn Hull,H^d1Cughm#oY,deborahnelson@example.com,30-09-2020 20:21
925,Debbie Brown,*92&Xm6q_,mpearson@example.com,20-08-2022 14:25
926,Greg Hardy,G8i&0O@hK,alexandrabaird@example.net,05-05-2022 15:27
927,Stephen Bradley,JN!)Daqt($i28W,kristine83@example.net,05-01-2021 11:52
928,Rachel Wood,F#z(5a*m2X17P8,hayesjason@example.org,15-04-2023 09:40
929,Laura Shah,B@kY28NyZ69I,rachel18@example.org,29-08-2022 00:25
930,Amy Clark,^$a1Ee,hcooper@example.org,18-10-2022 11:37
931,Mary Garcia,QDBMRb*m*@3O,whiteshane@example.com,21-06-2021 01:45
932,Kyle Ray,mnp)0C3f$,cooketiffany@example.net,13-04-2020 13:12
933,Elizabeth Mitchell,H@9e)Bn,anthony54@example.net,24-10-2022 04:12
934,Matthew Robles,$9MIfDm,michael53@example.net,17-03-2020 13:09
935,Laura Bowers,V+0rtLw,ostevenson@example.com,18-09-2021 19:01
936,Bianca Nicholson,5+7DDkBC,toddnelson@example.net,03-03-2020 04:07
937,Justin Anderson,8bFGbghh_2,fperez@example.com,18-04-2023 16:49
938,Jody Perry,hp%U4qie%Ei7V,jessicasmith@example.org,16-07-2020 16:21
939,Zachary Garner,^1#!RhaUAg^O1,teresapeters@example.net,22-09-2020 05:48
940,Robert Velasquez Jr.,M_$6CWJdX,amelendez@example.net,25-05-2020 10:50
941,Cameron Evans,(8S8o(+,ramireztodd@example.net,03-10-2021 10:02
942,Benjamin Avila,^6YEW9i,dshea@example.org,12-06-2020 02:56
943,Tracy Murray,F_4GZs,carolsoto@example.org,12-12-2021 15:57
944,Garrett King,$5P#Ff,alex89@example.com,11-06-2022 10:17
945,Steven Kelly,@3EYiC,david96@example.net,22-03-2023 14:20
946,Blake Kline,Qo(MsIej&7J0,kle@example.net,02-05-2023 17:14
947,Donna Melendez,@7QVOGwpbY5oW,dustin94@example.org,04-09-2022 18:08
948,Brenda Moore,Es%QZ#w8_5pjPa,shane34@example.org,22-05-2021 03:30
949,Michael Marquez,*3iETu2j5,john07@example.com,28-02-2020 06:51
950,George Williams,+3%ZvkDh,edwinswanson@example.com,03-10-2022 16:12
951,Benjamin White,+(88EEd,nromero@example.com,26-03-2020 05:25
952,Tyler Whitehead,IDN%&9Nk+O,weissmichael@example.net,01-11-2021 00:24
953,Toni Martinez,HCNzpK0q#e2N,austin17@example.net,22-06-2021 13:25
954,Elizabeth Scott,^x5RlCin_H,ewhite@example.org,01-03-2023 00:33
955,Michael Harris,T@7S8r3fy$Gz2S,hterry@example.net,08-08-2020 15:52
956,Samuel Lamb,7P8T9uH0%#8,melissa64@example.net,11-02-2023 07:23
957,Jessica Robles,uo99VOk_F*p,vrangel@example.net,26-09-2020 14:04
958,Melanie Espinoza,5nm!B)py$Q,reynoldsmegan@example.com,25-01-2021 13:35
959,Jeffrey Boyd,5gS_9Yc,santanastephen@example.org,04-12-2020 04:26
960,David Lee,2sNSQn$f&$Oi*W,ashepherd@example.org,15-04-2020 15:38
961,Cynthia Evans,i0*_6bXF_iJ,yolanda23@example.org,04-06-2021 13:05
962,Carolyn Williams,(S05Jv!,robert63@example.org,25-07-2020 01:27
963,Caroline Thomas,Cc&uubny_ja4hH,edavis@example.com,02-11-2021 00:37
964,Brandon Carroll,@0Ba@E,kimberly32@example.com,23-03-2021 22:12
965,Justin Lewis,r^03SIh+4V@,dustinriley@example.net,30-03-2023 03:06
966,Jennifer Howard,+40PBy,jennafuentes@example.org,15-01-2023 00:28
967,Jose Padilla MD,Jv*8SaFa,castanedajames@example.org,30-03-2023 02:31
968,Andrew Anderson,*_5*CgJz,paulawheeler@example.org,16-04-2022 06:39
969,Darren Sherman,%Zu9g9g69JsVpi,williamstheodore@example.com,25-05-2021 15:26
970,Brandon Davis,dvZABEvS!O0K,marybrown@example.com,21-12-2020 21:46
971,David Nguyen,ksxJYndM(H@5Wt,samuel02@example.com,14-04-2023 14:21
972,Justin Hernandez,#z6dsD%qO#F6@,elizabethschwartz@example.org,25-06-2020 05:05
973,Cheryl Hill,_+a2ICs,mollyhodge@example.com,19-08-2022 20:17
974,Timothy Whitaker,p^4Kyl*4,wellskatherine@example.com,06-12-2020 01:54
975,Frederick Walsh,$Cn*Qz&e0FqwbY,jennifer15@example.net,03-06-2020 21:26
976,Heather Ross,BBs1lZfiVP5%,uwright@example.com,08-12-2021 03:55
977,Alexis Marquez,1MhDtnQ7!!D5Xc,bennettdeanna@example.net,10-08-2022 20:07
978,Gina Gonzalez,(5VfY^RvZ(E,michaelreese@example.net,07-07-2020 00:36
979,Katelyn Thompson,(gZipE#3*i5,adriana47@example.org,24-04-2023 20:32
980,William Joyce,)MG9Jg,mtucker@example.net,30-01-2020 03:47
981,Pamela Johnson,)i83voeWIVCK,imolina@example.com,19-06-2020 12:09
982,Michael Downs,(3qJJt,kristina46@example.com,06-04-2023 01:47
983,Brandon Gray,v)Se2Pt,zacharypowers@example.com,31-01-2021 14:53
984,Dennis Harrison,B$D8P6j,usuarez@example.com,14-08-2021 20:00
985,Janice Ortiz,Ka^9QrL,stevenmiller@example.net,05-08-2022 01:30
986,Denise Riddle,(3M^c8@,ernest83@example.org,10-03-2023 06:32
987,Jeffrey Howard,Hx#PQUQmdN26q,kmcclure@example.net,09-05-2023 11:11
988,Caitlin Giles,*f53!sCwxYW%,tim09@example.com,10-07-2020 10:54
989,Melanie Morgan,=+OG979IiZAbcaG,ikelly@example.net,19-11-2020 16:39
990,April Kennedy,*F8G5orkw5,anita12@example.net,02-04-2021 19:38
991,Allison Stephens,@Q2gAiFr,wtran@example.org,22-11-2021 04:15
992,Dustin Carr,)6lYc##j#,jennifer00@example.com,11-06-2021 16:41
993,Justin Williams,HEU8Axtr5@8V5P,qwright@example.org,28-07-2021 00:38
994,Christopher Smith,U^l60Grd,paulruiz@example.net,25-10-2022 00:22
995,Joseph Nguyen,s0*5Al,stephengregory@example.net,09-03-2023 03:42
996,Mitchell Perry,&Z1R!#9y9*&,michellemcdowell@example.net,24-11-2020 20:11
997,Linda Cox,#z0hBjqw,qjones@example.org,16-03-2023 08:42
998,Phillip Tapia,g(8auuNvs4,jonathan71@example.com,06-12-2022 20:31
999,Lori Green,3J(3UXqk,smithjonathan@example.com,07-01-2021 18:37
